1	Kojeg je spola lik prikazan na Da Vincijevu crtežu koji je nastao inspiracijom iz dijela starorimskog arhitekta Vitruvija?	A=Muškog	B=Ženskog	C=Neodređenog	COR=A
2	Na kojem je poluotoku Romul osnovao Rim?	A=Balkanskom	B=Apeninskom	C=Pirenejskom	COR=B
3	Koji rimski car dolazi na vlast 27.g. pr. Kr. i na vlasti ostaje idućih 40 godina?	A=Tiberije	B=Kaligula	C=August	COR=C
4	Kraj kojega se antičkog naselja u današnjoj Grčkoj odvila odlučujuća bitka 31.g. pr. Kr. između Oktavijana i Marka Antonija za vlast nad Rimom?	A=Akcija	B=Nikopola	C=Patrasa	COR=A
5	Bitka kod Drača iz 48.g. pr. Kr. se vodila između dva rimska velikana, Gaja Julija Cezara i koga još?	A=Marka Antonija	B=Pompeja Velikog	C=Marka Licinija Krasa	COR=B
6	Smrt kojeg tračanina gladijatora je 1882.g. naslikao njemački ilustrator Hermann Vogel?	A=Kriksa	B=Gannika	C=Spartaka	COR=C
7	Koji je vojskovođa i kralj Alba Longe bio pogubljen (trganjem na komade potezanjem konja) od strane rimskog kralja Tula Hostilija zbog izdaje na bojištu?	A=Mecije Fufecije	B=Gaj Kluilije	C=Numitor	COR=A
8	Kako se zvala sveta granica grada Rima koju je zidovima utvrdio rimski kralj Servije Tulije?	A=Limes	B=Pomerium	C=Agger	COR=B
9	Koji je starorimski povjesničar u 142 knjige opisao povijest Rima od kraljevine do početaka Rimskog Carstva?	A=Tacit	B=Svetonije	C=Tit Livije	COR=C
10	Koja rijeka je spasila tek rođene Romula i Rema te ih naposlijetku odvela vučici?	A=Tiber	B=Po	C=Arno	COR=A
11	U mitologiji, koji je grad, trojanski junak Eneja, osnovao u današnjoj talijanskoj pokrajini Laciji?	A=Alba Longa	B=Lavinij	C=Ostija	COR=B
12	U kojoj današnjoj državi možemo pronaći ostatke rimskih gradova Pole, Salone i Narone?	A=Italiji	B=Bosni i Hercegovini	C=Hrvatskoj	COR=C
13	U rimskoj mitologiji, kako se zvala djevojka koja je izdala Romulov grad otkrivajući Sabinjanima put do Kapitola, a koju su kasnije sami Sabinjani ubili?	A=Tarpeja	B=Lukrecija	C=Hersilija	COR=A
14	Koju zlatnu kovanicu je rimsko carstvo počelo kovati u 4.st?	A=Aureus	B=Solidus	C=Follis	COR=B
15	Koji rimski bog je glasnik bogova, te bog trgovine i putovanja?	A=Apolon	B=Mars	C=Merkur	COR=C
16	Koje slovo je posljednje dodano u latiničku abecedu kakvu danas poznajemo?	A=W	B=J	C=U	COR=A
17	Koji su rimski duhovi simbolizirali duše mrtvih predaka, štovani uz posebne obrede?	A=Lari	B=Mani	C=Penati	COR=B
18	Za koji se otok borilo tijekom Prvog Punskog rata?	A=Sardiniju	B=Korziku	C=Siciliju	COR=C
19	Koji je slavni talijanski slikar naslikao 'Rođenje Venerino' i 'Minervu i Kentaura'?	A=Botticelli	B=Rafael	C=Tizian	COR=A
20	Kako se zove rimska božica lova, prirode i mjeseca?	A=Minerva	B=Dijana	C=Venera	COR=B
21	Uz koje otočje su rimljani porazili kartažane i njihovu mornaricu i time okončali 1. Punski rat?	A=Liparsko otočje	B=Pontinsko otočje	C=Egadsko otočje	COR=C
22	Početkom kojeg stoljeća je sagrađen Burnum, rimski vojni logor nedaleko od Knina?	A=1. stoljeća	B=2. stoljeća	C=3. stoljeća	COR=A
23	U progonima kojeg rimskog cara stradavaju Isusovi apostoli Petar i Pavao?	A=Domicijana	B=Nerona	C=Dioklecijana	COR=B
24	Najpoznatije književno djelo o Gaju Juliju Cezaru, dramu 'Julije Cezar', je oko 1599. napisao tko?	A=Ben Jonson	B=Christopher Marlowe	C=William Shakespeare	COR=C
25	Kako se latinskim nazivom naziva crta iznad rimskog broja koja se u proširenom sustavu rimskih brojeva koristi za označavanje tisućestruke vrijednosti?	A=Vinculum	B=Titulus	C=Virgula	COR=A
26	Koji je najveći broj koji se može zapisati standardnim rimskim brojevima bez da se isto slovo ponavlja više od tri puta uzastopno?	A=3888	B=3999	C=3998	COR=B
27	Koji je najveći broj koji se može zapisati rimskim brojevima ako se svako rimsko slovo smije upotrijebiti samo jednom?	A=1665	B=1667	C=1666	COR=C
28	Kojeg rimskog cara povezujemo s monumentalnom kadom isklesanom iz jednog komada crvenog carskog porfira koja je nekoć krasila Domus Aureu?	A=Nerona	B=Hadrijana	C=Domicijana	COR=A
29	Koja je drevna boja, dobivena iz morskih puževa, na vrhuncu Rimskog Carstva često vrijedila više od svoje težine u zlatu te postala simbol carske vlasti?	A=Kermesni grimiz	B=Tirski purpur	C=Indigo	COR=B
30	Kako se nazivala odaja u Velikoj carskoj palači u Konstantinopolu u kojoj su se rađali legitimni bizantski carevi, po čemu je nastao izraz 'porfirogenit'?	A=Chrysotriklinos	B=Daphne	C=Porfira	COR=C
31	Koja je boja bila toliko luksuzna u antičkom Rimu da je u određenim razdobljima njezino nošenje bilo rezervirano isključivo za careve?	A=Tirski purpur	B=Egipatsko plavo	C=Kermesni grimiz	COR=A
32	Kraj kojeg je mjesta u Frigiji, prema Plutarhu, 74. godine pr. Kr. pad velikog meteora između rimske i pontske vojske natjerao obje strane da odustanu od bitke?	A=Apameje	B=Otrija	C=Dorylaeuma	COR=B
33	Tijekom Trećeg mitridatskog rata sukobile su se vojske kraljevstva Pont i kojeg carstva?	A=Seleukidskog	B=Partskog	C=Rimskog	COR=C
34	Koje je nebesko tijelo, prema Plutarhu, padom kraj Otrije 74. godine pr. Kr. prekinulo predstojeću bitku između rimske i pontske vojske?	A=Meteor	B=Komet	C=Asteroid	COR=A
35	Kako se zove kapa koja je tijekom Rimskog Carstva postala simbol slobode oslobođenih robova, a kasnije i Francuske revolucije?	A=Tračka kapa	B=Frigijska kapa	C=Panonska kapa	COR=B
36	Kako se zvao zapovjednik koji je unutar rimske legije upravljao jedinicom od 100 ratnika?	A=Optio	B=Vojni tribun	C=Centurion	COR=C
37	Koju gardu je osnovao prvi rimski car August sa zadatkom da čuva njega i njegovu obitelj?	A=Pretorijansku	B=Gradske kohorte	C=Vigile	COR=A
38	Koji je keltski narod porazio rimsku vojsku i 390.g. pr. Kr. opljačkao Rim?	A=Samniti	B=Gali	C=Etruščani	COR=B
39	Kako se zove majka legendarnih blizanaca Romula i Rema?	A=Hersilija	B=Aka Larencija	C=Rea Silvija	COR=C
40	Junona, rimska božica i kćer Saturna i Ops, svom mužu Jupiteru je rodila dva sina. Marsa i koga još?	A=Vulkana	B=Merkura	C=Apolona	COR=A
41	Na području koje današnje države se dogodila bitka kod Filipija iz 42.g. pr. Kr.?	A=Sjeverne Makedonije	B=Grčke	C=Turske	COR=B
42	Koji se rimski zid, građen od 142. do 154.g., nalazi sjevernije od Hadrijanova te je duplo kraći od njega?	A=Hadrijanov zid	B=Aurelijanov zid	C=Antoninov zid	COR=C
43	Koji film s Russellom Croweom u glavnoj ulozi prati život Maximusa Decimusa Meridijusa?	A=Gladijator	B=Troja	C=Centurion	COR=A
44	Kako se zvala druga žena Gaja Julija Cezara?	A=Kornelija	B=Pompeja	C=Kalpurnija	COR=B
45	Koji naziv koristimo za ranokršćanske grobnice koje su nastajale kao sustav podzemnih hodnika u vrijeme rimskog carstva?	A=Nekropole	B=Hipogeji	C=Katakombe	COR=C
46	Koji rimski car počinje sa sustavnim progonom kršćana nakon velikog rimskog požara za koji je okrivio upravo kršćane?	A=Neron	B=Domicijan	C=Dioklecijan	COR=A
47	Kraj koje slavonske rijeke Iliri nanose Rimljanima jedan od najtežih vojnih poraza u njihovoj povijesti?	A=Save	B=Vuke	C=Drave	COR=B
48	Rimski bog Jupiter imao je 3 kćeri: Vestu, Junonu i koju još?	A=Dijanu	B=Minervu	C=Cereru	COR=C
49	Tko je rimska božica ljubavi i plodnosti?	A=Venera	B=Junona	C=Cerera	COR=A
50	Koje ime je nosila osnovna novčana jedinica za srebrni novac u starom rimu?	A=Sestercij	B=Denar	C=Aureus	COR=B
51	Nekadašnje rimske provincije Likija, Galatija i Kapadokija su se nalazile na području koje današnje države?	A=Grčke	B=Sirije	C=Turske	COR=C
52	Nadimak kojeg rimskog cara poistovjećujemo sa latinskom riječju za malenu čizmu?	A=Kaligula	B=Karakala	C=Klaudije	COR=A
53	Koji je rimski car započeo zakonom zabranjivati gladijatorske igre od 325.g.?	A=Teodozije I.	B=Konstantin Veliki	C=Honorije	COR=B
54	Koji je današnji srpski grad rodno mjesto rimskog cara Konstantina 1. Velikog?	A=Srijemska Mitrovica	B=Beograd	C=Niš	COR=C
55	Tetrika I. i Tetrika II. koji su vladali odmetnutim Galskim carstvom je porazio koji rimski car, kojeg se nazivalo i obnoviteljem carstva?	A=Aurelijan	B=Galijen	C=Klaudije II. Gotski	COR=A
56	Koji car je uveo četverovlađe u rimskom carstvu?	A=Maksimijan	B=Dioklecijan	C=Konstancije Klor	COR=B
57	Koji istaknuti rimski liječnik iz Pergama slovi i za najvećeg medicinskog znanstvenika u starom Rimu?	A=Celzo	B=Soran	C=Galen	COR=C
58	Agripina mlađa je bila žena rimskog cara Klaudija i majka cara Nerona, a uspjela je isposlovati da koji današnji grad, a njen rodni, dobije status kolonije, a po 'koloniji' i danas nosi ime?	A=Köln	B=Trier	C=Mainz	COR=A
59	U starim rimskim zapisima, za jednog se cara spominje da je umro ni manje ni više, nego od prekomjernog konzumiranja alpskog sira, a tko je on bio?	A=Klaudije	B=Antonin Pio	C=Galba	COR=B
60	Koja se kratkotrajna država formira na istoku rimskog carstva u vrijeme krize trećeg stoljeća a vladar joj je bio Odenat?	A=Galsko Carstvo	B=Partsko Carstvo	C=Palmirsko Carstvo	COR=C
61	U kojem stoljeću se dogodila prva velika pandemija u rimskom carstvu tako što su bolest iz Mezopotamije vojnici donijeli natrag u Rim, a od same bolesti, sumnja se da je umro i car Marko Aurelije?	A=2.	B=1 .	C=3 .	COR=A
62	Starorimski gradovi su bili organizirani oko dvije glavne ulice: cardo koja se protezala u smjeru sjever–jug i decumanus koja se protezala kako?	A=Sjever–jug	B=Istok–zapad	C=Sjeveroistok–jugozapad	COR=B
63	U kojem stoljeću rimski carevi postaju Valerijan i njegov sin Galijen?	A=2 .	B=4 .	C=3.	COR=C
64	Koji rimski car je dogovorio sramotno primirje s galskim plemenima kojima je pustio da sa sobom ponesu plijen iz opljačkanih rimskih provincija te im nakon toga plaćao i novčanu naknadu?	A=Trebonijan Gal	B=Decije	C=Emilijan	COR=A
65	Od kojeg je kemijskog elementa primarno bio kovan rimski novac Sestercij?	A=Srebra	B=Bakra	C=Zlata	COR=B
66	Kojoj su dinastiji pripadali rimski carevi Geta, Karakala i Elagabal?	A=Flavijevcima	B=Antoninima	C=Severima	COR=C
67	Rimski je car Emilijan vladao svega 2 mjeseca, svrgnuo je cara Trebonija Gala, bio ubijen od svoje vojske u Spoletiumu a rodio se na najvećem Tuniškom otoku, koji se zove kako?	A=Djerba	B=Kerkennah	C=Galite	COR=A
68	Kako se zove jedino djelo koje je za života napisao car Marko Aurelije?	A=Katakombe	B=Samomu sebi	C=Rea Silvija	COR=B
69	Nakš-e Rustam je velika perzijska nekropola uklesana u stijenu gdje se pored grobnica ahemenidskih careva nalaze i sasanidski reljefi, a jedan od njih slavi pobjedu kralja Šapura I. nad kojim carstvom?	A=Sjeverno more	B=Tiber	C=Rimskim	COR=C
70	Tko je od 260.g. bio prvi car Galskog carstva, tj. pobunjenih provincija Britanije, Galije i Hispanije?	A=Postum	B=Tetrik I.	C=Viktorin	COR=A
71	U drugom krugu Danteova pakla tj. požudi, se nalazi i koja ljubavnica Julija Cezara i Marka Antonija?	A=Servilija	B=Kleopatra	C=Fulvija	COR=B
72	Od kojeg plemenitog metala je bila rađena muralna kruna, kojom se nagrađivalo vojnika u starom rimu, koji se u boju prvi popeo i stao na neprijateljske zidine?	A=Srebra	B=Br 🥇once	C=Zlata	COR=C
73	Kaptol je u Zagrebu, Kapitol u Washingtonu a Kapitolij u kojeg gradu?	A=Rimu	B=Ateni	C=Carigradu	COR=A
74	Koji veliki kršćanski svetac iz Španjolske biva mučenički ubijen u progonu kršćana pod rimskim carem Valerijanom?	A=Sv. Ciprijan	B=Sv. Lovro	C=Sv. Sebastijan	COR=B
75	Tko ubija Karakalu, te dolazi na njegovo mjesto rimskog cara, na kojem ipak, ne ostaje zadugo jer su i njega pogubili?	A=Geta	B=Elegabal	C=Makrin	COR=C
76	U Danteovoj 'Božanskoj Komediji', u kojem krugu pakla se nalazi Gaj Julije Cezar?	A=Prvom	B=Drugom	C=Trećem	COR=A
77	Ako ćemo vjerovati Herodijanovoj 'Carskoj Povijesti' onda je koji rimski car bio daleko najviši od svih, sa čak 2,4m visine?	A=Komod	B=Maksimin Tračanin	C=Septimije Sever	COR=B
78	Kada kažemo 'Cirkus', danas odmah pomislimo na klaune, dresirane životinje i vratolomije, ali u starom Rimu, 'Circus' je značio mnoge javne igre i utrke dvokolica, najveća građevina za to se nalazila u Rimu i mogla je primiti preko 150 tisuća gledatelja, a kako se ta građevina zove?	A=Kolosej	B=Stadion Domicijana	C=Circus Maximus	COR=C
79	Kojeg rimskog cara 235.g. ubija njegova vojska u vojnom logoru u blizini današnjeg Mainza?	A=Aleksandar Sever	B=Maksimin Tračanin	C=Gordijan I.	COR=A
80	U kojem stoljeću, na mjesto rimskog cara stižu čak tri Gordijana, prvi, drugi i treći?	A=2.	B=3.	C=4.	COR=B
81	Koji se rimljanin spominje u apostolskom vjerovanju?	A=Herod Antipa	B=Kornelije	C=Poncije Pilat	COR=C
82	Koji rimski car godine 258. donosi okrutan edikt s ciljem progona kršćana te naređuje da se biskupi, svećenici i đakoni odmah ubiju?	A=Valerijan	B=Decije	C=Dioklecijan	COR=A
83	Kojim pojmom, koji i danas znači 'velik uspjeh' se bilježio svečani ulazak vojskovođe u Rim, nakon velike pobjede?	A=Ovacija	B=Trijumf	C=Apoteoza	COR=B
84	Koji rimski car nastavlja vladati Rimom još 8 godina, nakon što njegova oca Valerijana odvode u zatočeništvo?	A=Klaudije II.	B=Aurelijan	C=Galijen	COR=C
85	Kojeg velikog rimskog pravnika ubija car Karakala jer mu nije htio opravdati ubojstvo brata i suvladara Gete?	A=Emilije Papinijan	B=Ulpijan	C=Julije Paulo	COR=A
86	Kakav oblik vladavine, tj. suradnju cara sa senatom, uvodi prvi rimski car August?	A=Dominat	B=Principat	C=Tetrarhija	COR=B
87	Papa Siksto II., sv. Ciprijan Kartaški i sv. Lovro stradaju u progonima kojeg rimskog cara?	A=Decija	B=Dioklecijana	C=Valerijana	COR=C
88	Koje 'pobunjeno' carstvo se od 260.g. do 273.g. pojavljuje unutar rimskog te obuhvaća provincije Galiju, Britaniju i Hispaniju, gdje 13 godina uživa nezavisnost od središnje rimske vlasti?	A=Galsko	B=Palmirsko	C=Britansko	COR=A
89	Stari rimski grad Singidunum na području Srbije, se razvio u koji moderan grad današnjice?	A=Niš	B=Beograd	C=Smederevo	COR=B
90	Koji svetac i zaštitnik zaljubljenih biva pogubljen za vrijeme rimskog cara Klaudija II. Gotskog?	A=Sebastijan	B=Lovro	C=Valentin	COR=C
91	Koji je rimski car uz Maksimijana jedini u povijesti carstva abdicirao, tj. odrekao se titule cara za svog života?	A=Dioklecijan	B=Konstantin I.	C=Galeriје	COR=A
92	On svojem sinu Galijenu na upravljanje daje zapadni dio carstva dok se on posvećuje istočnom. Tu prvi put vidimo, iako ne službeno, podjelu carstva na zapadno i istočno, a o kojem se rimskom caru radi?	A=Decije	B=Valerijan	C=Klaudije II.	COR=B
93	Tko je jedinstvo rimskog carstva nastojao je učvrstiti i uvođenjem kulta nepobjedivoga boga Sunca (Sol invictus), a sebe dao nazivati gospodinom i bogom (dominus et deus)?	A=Probo	B=Klaudije II.	C=Aurelijan	COR=C
94	Tko je do svoje smrti bio suvladar svog brata i rimskog cara Karakale?	A=Geta	B=Makrin	C=Dijadumenijan	COR=A
95	Koji rimski car je vjerovao u moći svog boga El-Gabala?	A=Aleksandar Sever	B=Elegabal	C=Karakala	COR=B
96	Godina u kojoj je Septimije Sever postao rimski car ostala je upamćena i kao godina sa koliko careva?	A=Četiri	B=Šest	C=Pet	COR=C
97	Rimski uzurpator i car Makrin, kao svog suvladara postavlja svog 10-ogodišnjeg sina koji biva ubijen nedugo nakon očeva ubojstva, a zvao se kako?	A=Dijadumenijan	B=Aleksandar Sever	C=Geta	COR=A
98	U rimskoj književnosti, kojeg se autora 'Amfitriona' i 'Hvalisavog vojnika', smatra i najvećim piscem komedija u starom Rimu?	A=Terencije	B=Plauta	C=Seneka	COR=B
99	Koje more su stari rimljani poznavali kao Mare Germanicum?	A=Baltičko more	B=Jadransko more	C=Sjeverno more	COR=C
100	'Cardo' je bila jedna od dvije glavne ulice u rimskim gradovima i logorima a pružala se od sjevera prema kojoj strani svijeta?	A=Jugu	B=Istoku	C=Zapadu	COR=A
101	Bitka kod Lugdunuma (današnji Lyon), je ujedno i najveći sukob rimskih vojski u povijesti, a dvije zaraćene strane predvodili su uzurpator Klodije Albin i koji car?	A=Pescenije Niger	B=Septimije Sever	C=Didije Julijan	COR=B
102	Vijencem od koje biljke su bili krunjeni olimpijski pobjednici, učenjaci, pjesnici, vojskovođe te rimski carevi?	A=Masline	B=Hrasta	C=Lovora	COR=C
103	Koji nadimak kao vojskovođa dobiva budući rimski car Klaudije II. nakon pobjede nad gotima u bitci kod Niša iz 268.g.?	A=Gotski	B=Germanski	C=Dački	COR=A
104	Tko dolazi na vlast nakon smrti rimskog cara Komoda te na njoj ostaje svega 87 dana?	A=Didije Julijan	B=Pertinax	C=Pescenije Niger	COR=B
105	Amfiteatar u El Džemu ponosno nosi titulu najvećeg rimskog amfiteatra u Africi, a nalazi se u kojoj državi?	A=Libiji	B=Alžiru	C=Tunis	COR=C
106	U kojem današnjem gradu je bilo sjedište Galskog carstva, koje se pod vodstvom Postuma odvojilo od Rima?	A=Kölnu	B=Trieru	C=Mainzu	COR=A
107	Kojeg su rimskog cara pisci nazivali 'Vir Rei Publicae Necessarius', odnosno, 'čovjek neophodan rimskoj državi'?	A=Aurelijana	B=Dioklecijana	C=Proba	COR=B
108	Kvijet, Musije Emilijan i Aureol su bili uzurpatori u starom Rimu koji su pokušali preuzeti vlast od kojeg cara?	A=Valerijana	B=Klaudija II.	C=Galijena	COR=C
109	Koju je kraljicu palmirskog carstva porazio rimski car Aurelijan te je kao taokinju odveo u Rim, a Palmir ponovno priključio rimskom carstvu?	A=Zenobiju	B=Kleopatru VII.	C=Bereniku IV.	COR=A
110	S kojim germanskim narodom, tj. 'ljudima na granici' , ratuje rimski car Marko Aurelije, doživljava teške poraze te naposlijetu sklapa mir?	A=Kvadi	B=Markomani	C=Gepidi	COR=B
111	Tko je uz regenta Pupijena vladao Rimom svega 3 mjeseca u godini 238.?	A=Gordijan II.	B=Maksim Pupijen	C=Balbin	COR=C
112	Nakon što je car Valerijan ubijen, koji je car proglasio edikt o toleranciji, zaustavio progone kršćana i dao crkvi legalan status, koji je trajao do 310.g.?	A=Galijen	B=Klaudije II.	C=Aurelijan	COR=A
113	Koji veliki sasanidsko-perzijski šah u bitci kod Edese nanosi sramotan poraz rimskoj vojsci te kao roba u Perziju odvodi cara Valerijana?	A=Ardašir I.	B=Šapur I.	C=Narseh	COR=B
114	Koja dinastija postaje vladajuća dolaskom Septimija Severa na mjesto rimskog cara?	A=Antoninska	B=Flavijevska	C=Severska	COR=C
115	Najveći rimski amfiteatar u Hrvatskoj se nalazi u kojem gradu?	A=Puli	B=Saloni	C=Zadru	COR=A
116	Tko je bio prvi rimski car kojeg su neprijateljske snage odvele u zarobljeništvo?	A=Decije	B=Valerijan	C=Galijen	COR=B
117	U kojem stoljeću se događa velika kriza u rimskom carstvu koja je dovela do 50 godina nestabilnosti i građanskih ratova?	A=2.	B=4.	C=3.	COR=C
118	Na području kojeg današnjeg glavnog grada i metropole se rodio veliki rimski car i filozof Marko Aurelije?	A=Rima	B=Atene	C=Milana	COR=A
119	Koji rimski car je u 3.st. podigao zidine oko Rima koje su okruživale svih 7 brežuljaka te bile duge 19km?	A=Probo	B=Aurelijan	C=Dioklecijan	COR=B
120	Bitka kod Abrita je vođena u ljeto 251.g. između rimskog carstva s carem Decijem protiv gotskih plemena na čelu s kojim kraljem čije ime označava i jedan oštar predmet?	A=Ariarh	B=Ostrogota	C=Kniva	COR=C
121	Koji je starorimski komediograf napisao djela 'Samomučitelj' i 'Svekrva'?	A=Terencije	B=Plaut	C=Nevije	COR=A
122	Od kojeg je kemijskog elementa napravljen starorimski novac Denar?	A=Zlata	B=Srebra	C=Bakra	COR=B
123	Julije Saturnin, Bonos i Prokul su bili uzurpatori u rimskom carstvu za vrijeme kojeg cara?	A=Aurelijana	B=Kara	C=Proba	COR=C
124	Kako se u starom Rimu zvao veliki zemljišni posjed u vlasništvu imućnika namjenjen za poljoprivredu?	A=Latifundija	B=Insula	C=Vila rustika	COR=A
125	Kakav upravni sustav u rimskom carstvu uvodi car Dioklecijan 293.g.?	A=Principat	B=Tetrarhiju	C=Dominat	COR=B
126	Od kojeg je kemijskog elementa napravljen starorimski novac Aureus?	A=Srebra	B=Bakra	C=Zlata	COR=C
127	U kojem krugu Danteova pakla se nalaze aleksandrijski astronom Ptolomej i rimski govornik Ciceron?	A=Prvom	B=Drugom	C=Četvrtom	COR=A
128	Koji grad u BiH su stari rimljani poznavali kao Domavia?	A=Tuzlu	B=Srebrenicu	C=Mostar	COR=B
129	Koji latinski pojam tražimo, ako znamo da ga kod nas možemo pronaći kao 'državljanstvo' a u engleskoj 'citizenship?	A=Imperium	B=Libertas	C=Civitas	COR=C
130	Tko je bio posljednji rimski car iz perioda znanog kao 'doba 5 rimskih careva'?	A=Marko Aurelije	B=Antonin Pio	C=Hadrijan	COR=A
131	Dioklecijan na početku svoje vladavine, za svog suvladara izabire kojeg ilira s područja današnje Srijemske Mitrovice?	A=Galeriја	B=Maksimijana	C=Konstancija Klora	COR=B
132	Na koliko glavnih razdoblja dijelimo rimsko pravo?	A=Tri	B=Pet	C=Četiri	COR=C
133	Iz čije palače je izrastao današnji grad Split?	A=Dioklecijanove	B=Konstantinove	C=Hadrijanove	COR=A
134	Koji rimski car je spasio carstvo od daljnjeg propadanja te ga ponovno ujedinio u drugoj polovici 3.st., zbog čega su ga prozvali preporoditeljem carstva?	A=Galijen	B=Aurelijan	C=Probo	COR=B
135	Rimljani su osvojene teritorije van Italije organizirali u koje upravne jedinice?	A=Dijeceze	B=Prefekture	C=Provincije	COR=C
136	Krunom od koje biljke su rimski vojskovođe bili krunjeni nakon velikih vojnih trijumfa?	A=Lovora	B=Masline	C=Hrasta	COR=A
137	Koji današnji grad u bugarskoj se nazivao i Philippoupolis, kad su ga rimljani zauzeli dali su mu ime Trimontium, a bio je i središte rimske provincije Trakije?	A=Sofija	B=Plovdiv	C=Varna	COR=B
138	Tko je bio autor knjige 'Commentaria tripartita', koja je predstavljala jedno od prvih tumačenja znamenitog rimskog zakonika 12 ploča?	A=Gaj Ateј Kapiton	B=Kvint Mucije Scevola	C=Sekst Elije Pet Kat	COR=C
139	Koji rimski car je podijelio carstvo na 12 dijeceza, u kojima je se nalazila 101 provincija?	A=Dioklecijan	B=Konstantin Veliki	C=Aurelijan	COR=A
140	Rimski car Decije imao je dva sina koja su se također domogla carske titule, Hrenija i Hostilijana, a koji od njih je navodno umro od kuge?	A=Herenije Etrusk	B=Hostilijan	C=Trebonijan Gal	COR=B
141	Koji filozofski pravac je zagovarao rimski car Marko Aurelije, a osnovao ga je Zenon Kitijski?	A=Epikurejstvo	B=Cinicizam	C=Stoicizam	COR=C
142	Kako su rimljani nazivali stanovnike antičke Kartage?	A=Puni	B=Numiđani	C=Feničani	COR=A
143	Koji njemački grad na rijeci Rajni, stari rimljani osnivaju kao Moguntiacum?	A=Köln	B=Mainz	C=Trier	COR=B
144	Rodom s kojeg kontinenta je rimski car Septimije Sever?	A=Europe	B=Azije	C=Afrike	COR=C
145	Kojom su troslovnom riječju stari rimljani nazivali današnje 'pravo'?	A=Ius	B=Lex	C=Fas	COR=A
146	U kojem krugu Danteova pakla se nalaze Kasije i Brut, izdajnici Julija Cezara?	A=Osmom	B=Devetom	C=Sedmom	COR=B
147	U starim rimskim zapisima, samo se jednog cara spominje da je umro od udara groma, kojeg?	A=Numerijana	B=Proba	C=Kara	COR=C
148	Jotapijan, Pakacijan i Silbanak su bili uzurpatori u rimskom carstvu za vladavine kojeg cara?	A=Filipa Arapina	B=Decija	C=Trebonijana Gala	COR=A
149	Koju su rijeku, stari rimljani poznavali kao Danubius?	A=Rajnu	B=Dunav	C=Tibar	COR=B
150	Kojeg cara tražimo ako znamo da je rođen kao Avit Varije Basijan u Siriji, te postao rimskim carem sa samo 14 godina a pogubljen kad mu je bilo 18g.?	A=Getu	B=Aleksandra Severa	C=Elegabala	COR=C
151	Za vrijeme kojeg rimskog cara je proslavljena tisućugodišnjica od osnutka grada Rima?	A=Filipa Arapina	B=Decija	C=Gordijana III.	COR=A
152	Carevi Kar i Karin su vladali kojim carstvom?	A=Palmirskim	B=Rimskim	C=Galskim	COR=B
153	Koji atletičar i hrvač ubija rimskog cara Komoda?	A=Kleit	B=Eklekto	C=Narcis	COR=C
154	Kakav oblik vladavine, tj. apsolutnu carsku vlast u rimskom carstvu uvodi Dioklecijan?	A=Dominat	B=Principat	C=Tetrarhija	COR=A
155	U rimskoj religiji, duše mrtvih koje noću lutaju kao sablasti te plaše ljude se nazivaju kako?	A=Mani	B=Lemuri	C=Lari	COR=B
156	Ingenije, Regalijan te Makrijan Stariji su bili uzurpatori u starom Rimu koji su pokušali preuzeti vlast od kojeg cara?	A=Valerijana	B=Klaudija II.	C=Galijena	COR=C
157	Ime kojeg rimskog cara potječe iz grčke mitologije, točnije od heroja grada Megare, Dioklesa?	A=Dioklecijana	B=Aurelijana	C=Maksimijana	COR=A
158	Na cesti Via Appia, Petar susreće Krista i pita ga 'Quo Vadis, Domine?', na što Krist odgovara da ide u Rim, gdje u to vrijeme vlada koji car i progonitelj kršćana	A=Klaudije	B=Neron	C=Domicijan	COR=B
159	U Rimskom Carstvu, nakon uvođenja kršćanstva kao službene religije, koji je simbol zamijenio orla na carskom žezlu?	A=Chi-Rho	B=Labarium	C=Križ	COR=C
160	Koji rimski zid dug 120km spaja Irsko i Sjeverno more?	A=Hadrijanov zid	B=Antoninov zid	C=Aurelijanov zid	COR=A
161	Koje more su stari rimljani zvali 'našim morem'?	A=Jadransko	B=Mediteransko	C=Crno	COR=B
162	Titov slavoluk u Rimu nije podigao sam Tit, već njegov nasljednik i brat, car koji?	A=Vespazijan	B=Nerva	C=Domicijan	COR=C
163	U mitridatskim ratovima protiv rimljana, kraljevstvo Pont je predvodio koji njihov kralj?	A=Mitridat VI.	B=Nikomedes IV.	C=Tigran II.	COR=A
164	Za vrijeme kojeg rimskog cara se dogodio veliki požar u Rimu, nakon kojega se bog Vulkan počeo značajnije štovati?	A=Klaudija	B=Nerona	C=Vespazijana	COR=B
165	Kako prevodimo starorimsku uzrečicu 'Panem et circenses'?	A=Došao, vidio, pobijedio	B=Kocka je bačena	C=Kruha i igara	COR=C
166	Nakon podjele rimskog caratva na zapadno i istočno, otok Malta je pripao kojem?	A=Istočnom	B=Zapadnom	C=Ni jednom	COR=A
167	Koji su današnji grad stari rimljani osnovali kao Londinium?	A=York	B=London	C=Bath	COR=B
168	Koliko su ratova Rimljani vodili protiv Samnita?	A=Dva	B=Četiri	C=Tri	COR=C
169	Koji tračanski gladijator je bio vođa ustanka robova protiv rimske republike?	A=Spartak	B=Kriks	C=Enomaj	COR=A
170	Na kojem se hrvatskom otoku, odigrala odlučujuća bitka 2. Rimsko - Ilirskog rata?	A=Visu	B=Hvaru	C=Korčuli	COR=B
171	Tko je uz Lucija Tarkvinija Kolatina postao prvi konzul Rimske Republike 509.g. pr. Kr.?	A=Publije Valerije Publikola	B=Marko Junije Brut	C=Lucije Junije Brut	COR=C
172	Kojeg se rimskog boga smatra bogom podzemlja?	A=Plutona	B=Saturna	C=Jana	COR=A
173	Starorimska cesta Via Gabiniana spajala je Andetrium sa kojim rimskim gradom uz obale Jadrana?	A=Naronom	B=Salonom	C=Jaderom	COR=B
174	Slavoluk kojeg rimskog cara se nalazi u Beneventu?	A=Tita	B=Septimija Severa	C=Trajana	COR=C
175	U rimskoj mitologiji, Saturn ima 3 sina: Jupitera, Neptuna i koga još?	A=Plutona	B=Marsa	C=Merkura	COR=A
176	Koji je talijanski grad, kao luka i važno uporište na Siciliji, u vrijeme rimske republike bio poznat pod imenom Lilibej?	A=Sirakuza	B=Marsala	C=Messina	COR=B
177	Kako se zove rimski bog vina, pandan grčkom Dionizu?	A=Merkur	B=Saturn	C=Bakus	COR=C
178	Kojem su starorimskom rodu pripadali Julije Cezar i Oktavijan?	A=Julijevcima	B=Kornelijevcima	C=Klaudijevcima	COR=A
179	Koje ime je nosio najveći brončani novac kovan za vrijeme rimskog caratva?	A=As	B=Sestercij	C=Dupondij	COR=B
180	Koje ime povezuje nogometne klubove iz Trnave i Moskve te jednog tračkog gladijatora?	A=Dinamo	B=Lokomotiv	C=Spartak	COR=C
181	Tko se predaje i baca oružje pred Gaja Julija Cezara na slavnoj slici Lionela Royera iz 1899.?	A=Vercingetorix	B=Ariovist	C=Ambioriks	COR=A
182	Tko je prema rimskoj mitologiji bio osnivač i prvi kralj Rima?	A=Rem	B=Romul	C=Numa Pompilije	COR=B
183	U kojoj je kulturno umjetničkoj ustanovi navodno ubijen Julije Cezar?	A=Amfiteatru	B=Odeonu	C=Kazalištu	COR=C
184	Kojim latinskim izrazom nazivom deseteročlanu komisiju ili kolegij magistrata u Rimskoj Republici?	A=Decemviri	B=Triumviri	C=Cenzori	COR=A
185	Koji je legendarni i jedan od posljednjih latinskih kraljeva Alba Longe, ujedno i djed osnivača Rima, Romula?	A=Amulije	B=Numitor	C=Latinus	COR=B
186	Koji je rimski pisac i arhitekt napisao djelo '10 knjiga o arhitekturi'?	A=Plinije Stariji	B=Frontin	C=Vitruvije	COR=C
187	Koji latinski naziv se koristio za roba u starom Rimu koji je bio oslobođen?	A=Libertin	B=Peregrin	C=Kolon	COR=A
188	U kojem su talijanskom gradu održane posljednje gladijatorske igre?	A=Ravenni	B=Rimu	C=Milanu	COR=B
189	Na koji se otok sa svojom vojskom iskrcao Julije Cezar 55. i 54.g. pr. Kr.?	A=Siciliju	B=Sardiniju	C=Veliku Britaniju	COR=C
190	Koji se bog u rimskoj i grčkoj mitologiji naziva isto?	A=Apolon	B=Merkur	C=Neptun	COR=A
191	Koje ime su dijelili vođe plemena Dezidijata i Breuka za ilirskog ustanka protiv Rima?	A=Pines	B=Baton	C=Teuta	COR=B
192	Koja je staro-rimska kovanica iznosila pola od vrijednosti jednog denara?	A=Sestercij	B=As	C=Kvinar	COR=C
193	Koji rimski car je bio 4. iz razdoblja 'Pet dobrih careva'?	A=Antonin Pio	B=Hadrijan	C=Marko Aurelije	COR=A
194	Koji mauritanski kralj je pomogao Juliju Cezaru u bitci kod Munde?	A=Bokh II.	B=Bogud	C=Juba I.	COR=B
195	Kako se zvao sin Gaja Julija Cezara kojeg je imao sa posljednjom kraljicom drevnog Egipta, Kleopatrom?	A=Ptolemej XIII.	B=Aleksandar Helios	C=Cezarion	COR=C
196	Na slici Jacoba Abbota iz 1849., Gaj Julije Cezar sa svojom vojskom prelazi koju rijeku?	A=Rubikon	B=Tibar	C=Po	COR=A
197	Koji je francuski grad za vrijeme rimskog carstva nosio ime Lutecija?	A=Lyon	B=Pariz	C=Marseille	COR=B
198	Koliko je planeta sunčeva sustava dobilo ime po rimskim božanstvima?	A=Pet	B=Sedam	C=Šest	COR=C
199	Tko je utjelovio Spartaka u Kubrickovu filmu 'Spartak' iz 1960.?	A=Kirk Douglas	B=Charlton Heston	C=Richard Burton	COR=A
200	Koji hrvatski grad se nalazi na području nekadašnjeg rimskog naselja Cibalae?	A=Sisak	B=Vinkovci	C=Osijek	COR=B
201	Koji se rimski filozof i jedan od najvećih rimskih govornika rodio 106.g. pr. Kr.?	A=Seneka	B=Kvintilijan	C=Ciceron	COR=C
202	Pranećak kojeg slavnog rimskog vojskovođe je bio 1. rimski car August?	A=Julija Cezara	B=Marka Antonija	C=Gneja Pompeja	COR=A
203	Za vrijeme vladavine kojeg rimskog cara je rođen Isus Krist?	A=Tiberija	B=Augusta	C=Klaudija	COR=B
204	7 rimskih brežuljaka su: Palatin, Aventin, Celij, Viminal, Kvirinal, Eskvilin i koji još?	A=Janiculum	B=Pincij	C=Kapitol	COR=C
205	Koji je seleukidski kralj ratovao protiv rimskog carstva te naposlijetku izgubio?	A=Antioh III. Veliki	B=Seleuk IV. Filopator	C=Antioh IV. Epifan	COR=A
206	Koji je antički grad na Siciliji pod rimsku vlast pao 211.g. pr. Kr.?	A=Agrigent	B=Sirakuza	C=Messana	COR=B
207	Kako se zvala greda duga 11m i široka do 3m koju su stari Rimljani koristili u pomorskim bitkama za ukrcavanje na neprijateljski brod?	A=Rostrum	B=Harpax	C=Corvus	COR=C
208	U starom Rimu, kako se zvalo koplje koje je bilo sastavni dio naoružanog rimskog vojnika?	A=Pilum	B=Hasta	C=Pugio	COR=A
209	Koji latinski naziv, preveden kao 'teški bakar', koristimo za rani rimski ljevani novac?	A=Aes signatum	B=Aes Grave	C=Aes rude	COR=B
210	Koje je ime nosilo naselje Cavtat za vrijeme rimskog carstva?	A=Narona	B=Salona	C=Epidaurum	COR=C
211	Kako se zvala klasa građana s najvećim političkim i društvenim pravima u starom Rimu, plemićkog podrijetla?	A=Patriciji	B=Plebejci	C=Ekvestari	COR=A
212	Koji rimski car u svojim zadnjim sekundama života izgovara čuvene riječi 'Kakav umjetnik umire!'?	A=Kaligula	B=Neron	C=Komod	COR=B
213	Koja riječ je u starom Rimu označavala središnji, javni prostor grada te mjesto gdje se odvijao politički, pravni, gospodarski i društveni život?	A=Bazilika	B=Kurija	C=Forum	COR=C
214	Koja se rimska tvrđava prvotno zvala Hadrijanov mauzolej?	A=Anđeoska tvrđava	B=Sant'Angelo in Formis	C=Castel Nuovo	COR=A
215	U rimskoj religiji, od 15 svećenika Flamena, koliko ih je bilo 'velikih'?	A=Pet	B=Tri	C=Sedam	COR=B
216	Kako se zvao starorimski ratni brod sa tri reda vesala?	A=Birema	B=Kvadrirema	C=Trirema	COR=C
217	U vrijeme znano kao 'godina 4 cara', Rimom su vladali Galba, Oton, Vitelije i tko još?	A=Vespazijan	B=Tit	C=Nerva	COR=A
218	Hanibalovo osvajanje i uništavanje kojeg iberskog grada je označilo početak Drugog Punskog rata?	A=Tarraco	B=Sagunta	C=Gades	COR=B
219	Koji bakreni novac s tankom srebrnom prevlakom uvodi Car Dioklecijan kroz svoju novčanu reformu 294.g.?	A=Antoninijan	B=Nummus	C=Follis	COR=C
220	U kojem talijanskom gradu se nalazi 30m visok Trajanov stup podignut u čast pobjede cara Trajana nad dačanima?	A=Rimu	B=Beneventu	C=Napulju	COR=A
221	Koji srebrni novac kroz svoju novčanu reformu 294.g. uvodi Car Dioklecijan?	A=Denar	B=Argenteus	C=Silikva	COR=B
222	Kako se u starom rimu zvao bakreni novac srednje veličine?	A=Dupondij	B=Semis	C=As	COR=C
223	Na teritoriju koje današnje države se nalazilo mjesto Zama, poprište odlučujuće bitke tijekom punskih ratova?	A=Tunis	B=Alžir	C=Libija	COR=A
224	U kojem gradu se nalazi Cestijeva piramida, grobnica Gaja Cestija Epulona?	A=Ostiji	B=Rimu	C=Pompejima	COR=B
225	Kako se zvao drugi rimski kralj, Romulov nasljednik?	A=Tul Hostilije	B=Anko Marcije	C=Numa Pompilije	COR=C
226	Hram u čast kojem rimskom bogu podiže posljednji rimski kralj Tarkvinije 2. Oholi?	A=Jupiteru	B=Marsu	C=Saturnu	COR=A
227	Drevni latinski grad Alba Longa je osnovan podno Albanskih Brda nekih 400.g. prije kojeg grada osnovanog na 7 brežuljaka, svega 20km dalje?	A=Tivolija	B=Rima	C=Veija	COR=B
228	Koje godine prije Krista rimski senat proglašava Julija Cezara doživotnim diktatorom?	A=46.	B=45.	C=44.	COR=C
229	Uz koji današnji turski grad vežemo 'Bitku kod Magnezije' iz 2.st. pr. Kr. Između rimske republike i seleukidskog carstva?	A=Manisa	B=Izmir	C=Bursa	COR=A
230	Kako se zvala jedinica u rimskoj legiji koja je označavala desetinu od ukupnog broja ratnika?	A=Manipul	B=Kohorta	C=Centurija	COR=B
231	Na koliko su ploča napisani prvi rimski zakoni?	A=Deset	B=Četrnaest	C=Dvanaest	COR=C
232	Koji nadimak rimski car Klaudije daje svom sinu nakon što osvoji Britaniju?	A=Britanik	B=Germanik	C=Drusus	COR=A
233	Kraj kojeg, danas isušenog jezera su Rimljani 496.g. pr. Kr dobili najznačajniju bitku u ratu protiv Latinskih legija?	A=Albanskog	B=Regilskog	C=Trasimenskog	COR=B
234	Prema ustroju, stari Rim je se kroz povijest dijelio na carstvo, kraljevstvo i što još?	A=Principat	B=Dominat	C=Republiku	COR=C
235	Koji oblik rimske vojne discipline se provodi ako su svakog desetog vojnika u grupi pogubili članovi njegove kohorte zbog pobune ili dezertiranja.	A=Desetkovanje	B=Fustuarium	C=Degradacija	COR=A
236	Koju su utvrdu ilirskog plemena Delmata rimljani osvojili 155.g. pr. Kr.?	A=Andetrij	B=Delminij	C=Promonu	COR=B
237	Via Domitia, Via Agrippa i Via Aquitania su starorimske ceste izgrađene na području koje današnje države?	A=Italije	B=Španjolske	C=Francuske	COR=C
238	Po kojem rimskom caru ime nosi najveći od svih rimskih slavoluka?	A=Konstantinu 1.	B=Septimiju Severu	C=Titu	COR=A
239	Koji se rimski car bori s Maximusom u Koloseju u filmu 'Gladijator', ali je i po povijesnim činjenicama ostao poznat kao dobar borac, s preko 700 pobjeda u areni?	A=Marko Aurelije	B=Komod	C=Karakala	COR=B
240	Koliko je rimskih careva bilo na vlasti tijekom 1. stoljeća?	A=11	B=15	C=13	COR=C
241	Prvi trgovci iz rimskog carstva koji su dospjeli do Kine su poslani za vrijeme careva Antonina Pia i Marka Aurelija, a tada je kinom vladala koja dinastija?	A=Han	B=Tang	C=Qin	COR=A
242	Koji je starogrčki matematičar i astronom živio u Aleksandriji za rimskog upravljanja Egiptom, a najpoznatiji je po svom djelu Almagest?	A=Hiparh	B=Ptolomej	C=Eratosten	COR=B
243	Koji starogrčki fizičar, astronom i matematičar pomaže sa svojim izumima u obrani Sirakuze protiv Rimljana?	A=Heron	B=Euklid	C=Arhimed	COR=C
244	Za vrijeme kojeg cara rimsko carstvo poprima najveće teritorijalno proširenje?	A=Trajana	B=Hadrijana	C=Septimija Severa	COR=A
245	Rimska provincija Mauretanija se prostirala teritorijem Alžira i koje još današnje države?	A=Tunisa	B=Maroka	C=Libije	COR=B
246	Koja dinastija dolazi na vlast, proglašenjem Vespazijana kao rimskog cara?	A=Julijevsko-klaudijevska	B=Antoninska	C=Flavijevci	COR=C
247	Od svih pet dobrih rimskih careva, koji je vladao najkraće, svega 2 godine?	A=Nerva	B=Hadrijan	C=Antonin Pio	COR=A
248	Koji grad, osnovan od strane Aleksandra Velikog, postaje glavno središte rimske provincije Aegyptus nakon pada Ptolomjeskog kraljevstva 30.g. pr. Kr?	A=Memfis	B=Aleksandrija	C=Peluzij	COR=B
249	Iz kojeg se jezika razvio talijanski jezik, kakvog danas poznajemo?	A=Etruščanskog	B=Oskanskog	C=Latinskog	COR=C
250	29.6. 79-e godine se događa erupcija kojeg vulkana u kojoj napuljski zaljev biva dobrim dijelom uništen?	A=Vezuva	B=Etne	C=Strombolija	COR=A
251	'Italica' je danas važan rimski arheološki lokalitet u Španjolskoj, a malo je poznato da iz tog drevnog grada potječu čak 2 rimska cara, Hadrijan i koji još?	A=Nerva	B=Trajan	C=Antonin Pio	COR=B
252	Koji portugalski grad se naziva i portugalskim Rimom, a sami Rimljani su ga osnovali u 1.st. pr. Kr. pod imenom Bracera Augusta?	A=Porto	B=Coimbra	C=Braga	COR=C
253	Od svih pet dobrih rimskih careva, koji je vladao najduže, čak 23 godine?	A=Antonin Pio	B=Hadrijan	C=Marko Aurelije	COR=A
254	Rimsko kapitolijsko trojstvo čine božanstva Jupiter, Junona i tko još?	A=Vesta	B=Minerva	C=Dijana	COR=B
255	U kojem hrvatskom gradu se nalazi najveći rimski forum na istočnoj strani Jadrana?	A=Puli	B=Splitu	C=Zadru	COR=C
256	Koji su naziv stari Kinezi koristili za antički Rim?	A=Daqin	B=Da Yuan	C=Anxi	COR=A
257	Rimska božica ljubavi je rimskom bogu rata rodila kojeg boga požude i privlačnosti?	A=Himena	B=Kupida	C=Merkura	COR=B
258	Herkulova žena na zemlji je bila Megara, a tko mu je bila žena kada je postao jedan od bogova?	A=Omfala	B=Minerva	C=Juventas	COR=C
259	Koliko daleko su Rimljani prodirali na istok, govori i činjenica da su upravljali i antičkim gradom Dura-Europos, kojeg su osnovali Seleukidi na kojoj velikoj mezopotamijskoj rijeci?	A=Eufrat	B=Tigris	C=Oront	COR=A
260	Titov slavoluk u Rimu slavi uništenje i paljenje kojeg grada u Judeji?	A=Cezareje	B=Jeruzalema	C=Jafe	COR=B
261	Septimije Sever i Konstancije I. Klor bili su rimski carevi koji su umrli u kojem današnjem engleskom gradu, ako znamo da se tada zvao Eboracum?	A=Londonu	B=Chesteru	C=Yorku	COR=C
262	Kako se zvao veliki vojskovođa Partskog carstva koji je u bitci kod Harana 53.g. pr. Kr. porazio Marka Licinija Krasa i Rimu nanio katastrofalan poraz?	A=Surena	B=Pacor I.	C=Orodes II.	COR=A
263	Koji je od trojice rimskih careva iz flavijevske dinastije vladao najkraće, točnije 2 godine?	A=Vespazijan	B=Tit	C=Domicijan	COR=B
264	Koji današnji grad su Rimljani prvo razorili 70.g. te ga ponovno uspostavili 135.g. i dali mu ime Aelia Capitolina?	A=Cezareja	B=Antiohija	C=Jeruzalem	COR=C
265	Uz koju talijansku planinu vežemo Spartakov robovski ustanak i uništenje grada Pompeja?	A=Vezuv	B=Etna	C=Monte Cassino	COR=A
266	Koji je rimski vojskovođa najzaslužniji za pobjedu nad legijama cara Vitelija te za Vespazijanov dolazak na vlast?	A=Mucijan	B=Antonije Prim	C=Petilije Cerial	COR=B
267	Za vladavine kojeg rimskog cara je započeta izgradnja Koloseuma?	A=Tit	B=Domicijan	C=Vespazijana	COR=C
268	Koji su građevni materijal stari Rimljani dobivali miješajući vulkanski pepeo sa gašenim vapnom, čija je čvrstoća očuvala mnoge rimske građevine do danas, a padom tog carstva se na tehniku zaboravilo sve do 18-og stoljeća?	A=Beton	B=Mort	C=Terakotu	COR=A
269	Koje kraljevstvo je porazio car Trajan kada je kao plijen sa sobom u Rim odvezao 165 tona zlata i 331 tonu srebra, koje je bilo skriveno ispod rijeke Strei?	A=Partsko	B=Dačko	C=Nabatejsko	COR=B
270	Prezime kojeg američkog glumca i hrvača možemo poistovjetiti sa večernjim objedom iz starog Rima?	A=Reigns	B=Johnson	C=Cena	COR=C
271	Tko je bio prvi rimski car koji je titulu naslijedio izravno od svog biološkog oca, cara Vespazijana?	A=Tit	B=Domicijan	C=Tiberije	COR=A
272	Koja se srijemska svetica i mučenica, spaljena na lomači za Dioklecijanova progona kršćana, u Zadru slavi kao sv. Stošija?	A=Irena	B=Anastazija	C=Agata	COR=B
273	S kojim su kraljevstvom na području današnjeg Sudana stari rimljani imali niz vojnih sukoba prije nego je car August sklopio mir?	A=Aksum	B=Nabatija	C=Kuš	COR=C
274	Prvi židovsko - rimski rat se odvijao u kojoj tadašnjoj rimskoj provinciji?	A=Judeji	B=Siriji	C=Arabiji Petreji	COR=A
275	Kojeg su rimskog cara, iz doba dobrih careva, nazivali i carem-filozofom?	A=Hadrijana	B=Marka Aurelija	C=Antonina Pija	COR=B
276	U kojem stoljeću Rimljani grade Hadrijanov i Antoninov zid u Britaniji?	A=1.	B=3.	C=2.	COR=C
277	Tko je osam godina bio suvladar rimskog carstva s carem Markom Aurelijem?	A=Lucije Ver	B=Komod	C=Antonin Pio	COR=A
278	Koju prijestolnicu partskog kraljevstva na rijeci Tigris rimski car Trajan osvaja 116.g.?	A=Seleukiju	B=Ktezifon	C=Hatra	COR=B
279	Rimsko carstvo je imalo doticaj sa čak dva oceana, Atlantskim i kojim još?	A=Arktičkim	B=Tihim	C=Indijskim	COR=C
280	Koji otok 43.godine iza Krista anektira vojskovođa i budući car Vespazijan, a danas je poznat kao najveći otok pod upravom države Engleske?	A=Wight	B=Man	C=Anglesey	COR=A
281	Koliko je sinova rimskog cara Vespazijana nakon njegove smrti postalo carevima?	A=Jedan	B=Dva	C=Tri	COR=B
282	Koja kraljica iz kraljevstva Kuš (današnji Sudan) je odbijala rimske napade te naposlijetu s njima sklopila mir?	A=Kandaka Amanitore	B=Šanakdakhete	C=Amanirenas	COR=C
283	Tiša bA'v je najžalosniji dan u židovskom kalendaru tijekom kojeg se, između ostalog, posti i žaluje zbog rimskog spaljivanja 'drugog hrama' u kojem gradu?	A=Jeruzalemu	B=Hebronu	C=Cezareji	COR=A
284	Koji su grad Rimljani nazivali 'urbs aeterna' i 'caput mundi'?	A=Konstantinopol	B=Rim	C=Aleksandriju	COR=B
285	Koju riječ su stari Rimljani koristili za most?	A=Porta	B=Via	C=Pons	COR=C
286	Antinous je bio mladi simpatizer rimskog cara Hadrijana kojeg je nakon dušenja u Nilu Hadrijan proglasio božanstvom te mu u čast podigao koji grad u srednjem Egiptu?	A=Antinoopolis	B=Hadrianopolis	C=Naukratis	COR=A
287	Ime koje rimske božice mladosti povezujemo sa 'starom damom' iz Torina?	A=Vesta	B=Juventas	C=Minerva	COR=B
288	Koji je rimski vojskovođa osvojio i spalio Jeruzalem 70.g. da bi kasnije postao i carem?	A=Vespazijan	B=Domicijan	C=Tit	COR=C
289	Koji je španjolski grad prvotno osnovan kao vojni logor 6. rimske legije Victix a danas se nalazi i na putu sv. Jakova?	A=Leon	B=Lugo	C=Astorga	COR=A
290	Ako svratimo u Kumrovec, tamo ćemo pronaći ime na spomeniku i u rodnoj kući koje bi nas moglo podsjetiti na kojeg rimskog cara?	A=Nerona	B=Tita	C=Augusta	COR=B
291	Koji je katolički svetac i srijemski biskup pogubljen u vrijeme Dioklecijanovih progona kršćana na antičkom mostu Basentis, u blizini današnje Srijemske Mitrovice?	A=Demetrije	B=Polion	C=Irenej	COR=C
292	'Zar i ti, sine Brute' je uzrečica koju je pri smrti izgovorio koji rimski vojskovođa?	A=Julije Cezar	B=Gnej Pompej	C=Marko Antonije	COR=A
293	Na području kojeg su današnjeg hrvatskog grada rođena dva rimska cara, Valentinijan I. i Valens?	A=Sisak	B=Vinkovci	C=Solin	COR=B
294	Kako nazivamo proces širenja rimskog jezika, prava, kulture i načina života na osvojene narode?	A=Helenizacija	B=Latinizacija	C=Romanizam	COR=C
295	Dan 22.11.1738.g. se smatra rođendanom klasične arheologije jer su tada započela iskapanja kojeg starorimskog grada uništenog u erupciji Vezuva?	A=Herkulaneja	B=Pompeja	C=Stabija	COR=A
296	Rimski carevi Decije, Aurelijan, Prob i Maksimijan su svi rođeni na području kojeg današnjeg srpskog grada?	A=Niša	B=Srijemske Mitrovice	C=Beograda	COR=B
297	Tko je bio prvi rimski car koji je bio ilirskog porijekla, a ujedno i prvi progonitelj kršćana na našim područjima te prvi car koji je poginuo u bitci?	A=Klaudije II.	B=Aurelijan	C=Decije	COR=C
298	Koji su veliki otok u Atlantskom oceanu stari Rimljani zvali Hibernia?	A=Irska	B=Velika Britanija	C=Man	COR=A
299	Koji je katolički svetac i biskup antiohijski bio prognan od strane rimskog cara Trajana te usmrćen u Koloseumu, gdje je bačen lavovima?	A=Polikarp Smirnski	B=Ignacije Antiohijski	C=Klement Rimski	COR=B
300	Koliko je Oscara osvojio 'Gladijator', film Ridleyja Scotta iz 2000.g.?	A=4	B=6	C=5	COR=C
301	Ako sudimo po veličini planeta, koji rimski bog ispada najmanji?	A=Merkur	B=Mars	C=Neptun	COR=A
302	Koji broj dobijemo kad zbrojimo zadatke koje je Herkul morao ispuniti za oprost teških grijeha sa brojem ploča na kojima su pisani prvi rimski zakoni?	A=22	B=24	C=26	COR=B
303	Prvu crkvu na svijetu posvećenu Blaženoj Djevici Mariji sagradio je apostol Jakov u Caesaraugusti, starorimskom gradu na čijem području se danas nalazi koji španjolski grad, inače veliko marijansko svetište?	A=Toledo	B=Tarragona	C=Zaragoza	COR=C
304	2015.g. je osnovana gaming platforma koja svoje ime dijelom duguje kojoj rimskoj božici svađe i razdora?	A=Diskordija	B=Bellona	C=Nemesis	COR=A
305	U kojem stoljeću prije Krista nastaje Rimsko Carstvo?	A=2.	B=1.	C=3.	COR=B
306	Koja je utvrda u 1. židovsko - rimskom ratu ostala upamćena po masovnom samoubojstvu njenih branitelja, žena i djece?	A=Herodij	B=Macheront	C=Masada	COR=C
307	Koja ptica se u starom Rimu koristila kao glavni znak rimskih legija?	A=Orao	B=Sokol	C=Gavran	COR=A
308	Pred kojim zidom Židovi oplakuju rimsko razaranje drugog jeruzalemskog hrama koje se dogodilo 70.g.?	A=Zidom Hrama	B=Zidom plača	C=Aurelijanovim zidom	COR=B
309	Na rimskom forumu u Zadru danas se nalazi koja crkva?	A=Sv. Krševana	B=Sv. Stošije	C=Sv. Donata	COR=C
310	Koliko rimskih careva potječe iz flavijevske dinastije?	A=3	B=2	C=4	COR=A
311	U starom Rimu, doručak je bio lentaculum, večera je bila cena, a ručak?	A=Gustatio	B=Prandium	C=Secunda mensa	COR=B
312	Koji je rimski car promijenio ime grada Rima te svih 12 mjeseci u godini, što je ispravljeno i vraćeno na staro odmah nakon njegove smrti?	A=Neron	B=Domicijan	C=Komod	COR=C
313	Neron je prvi uveo porez na otkup urina iz javnih rimskih toaleta, a koji je car iza njega tu politiku nastavio koristeći uzrečicu 'pecunia non olet', što u prijevodu znači 'novac ne smrdi'?	A=Vespazijan	B=Komod	C=Prandium	COR=A
314	U televizijskoj seriji iz 2006.g.,u produkciji HTV-a, se prikazuje koliko 'ludih rimskih careva'?	A=3	B=4	C=5	COR=B
315	Tko je bio posljednji iz plejade rimskih careva koji su vladali u 'godini 4 cara', točnije u 69-oj poslije Krista?	A=Decije	B=Amanirenas	C=Vespazijan	COR=C
316	U godini 69. Vladala su 4 rimska cara, a koji od njih je za svog života vladao najkraće, točnije, samo 3 mjeseca?	A=Oton	B=Mir	C=Rimskim	COR=A
317	Pax Romana na latinskom prevodimo kao Rimski što?	A=Oton	B=Mir	C=Rimskim	COR=B
318	I, V, X, L i C nazivamo kakvim brojevima?	A=Mir	B=Lugo	C=Rimskim	COR=C
319	Središte kojeg španjolskog grada je u potpunosti okruženo s više od 2km rimskih zidina iz 3.st., a ime nosi po keltskom bogu svjetlosti te ga poistovjećujemo s malenim šumarkom ili ostacima nakon izgaranja?	A=Lugo	B=Rimskim	C=Arhimed	COR=A
320	'Noli turbare circulos meos' je uzrečica koju uzvikuje koji slavni grčki matematičar prije pogibije od rimske ruke?	A=Lugo	B=Arhimed	C=Pompeja	COR=B
321	Ostaci kojeg su starorimskog grada slučajno otkriveni u 16.st ispod debelog sloja pepela?	A=Arhimed	B=Lugo	C=Pompeja	COR=C
322	Na koliko kontinenta se prostiralo rimsko carstvo?	A=3	B=2	C=4	COR=A
323	Opsada kojeg grada na bliskom istoku se događala 70-e, 1099-e i 1187-e godine?	A=Trier	B=Jeruzalema	C=Coimbra	COR=B
324	Trajanov most iz 105.g., inače najduži most ikad napravljen u rimskom carstvu, bio je duži od 1 km, a da je ostao do danas spajao bi Rumunjsku sa kojom državom?	A=Antoninov zid	B=Pompeja	C=Srbijom	COR=C
325	Koji rimski zid spaja Firth of Forth sa Firth of Clyde?	A=Antoninov zid	B=Srbijom	C=Kaledonija	COR=A
326	Najočuvanija te najveća starorimska gradska vrata na svijetu, imena Porta Nigra, se nalaze u kojem njemačkom gradu, gdje su i danas nezaobilazna turistička atrakcija?	A=Jeruzalema	B=Trier	C=Coimbra	COR=B
327	Kako su nekada stari Rimljani nazivali područje današnje Škotske?	A=Plinije	B=Antoninov zid	C=Kaledonija	COR=C
328	Po kojem starorimskom državniku i filozofu, koji je detaljno opisao erupciju Vezuva, znanstvenici danas nazivaju najjači tip vulkanske erupcije?	A=Plinije	B=Kaledonija	C=Dunav	COR=A
329	Najduži most napravljen za vrijeme rimskog carstva (Trajanov most) bio je duži od jednog kilometra. Konstruirao ga je Apolodor iz Damaska. Služio je za napad na Dačko kraljevstvo, a premošćivao je koju rijeku?	A=Plinije	B=Dunav	C=Kaledonija	COR=B
330	Koji su današnji srpski grad Rimljani poznavali kao Sirmium?	A=Cabo de Roca	B=Sv. Donata	C=Srijemska Mitrovica	COR=C
331	Forum kojeg rimskog cara je započet s izgradnjom 107.g., a završen 112.g., ujedno i najvećih od svih?	A=Trajanov	B=Optimus	C=Dunav	COR=A
332	Rimski senat caru Trajanu dodjeljuje koji naslov, koji mi možemo prevesti kao 'najbolji'?	A=Trajanov	B=Optimus	C=Seres	COR=B
333	Koji su naziv stari Rimljani koristili za Kinu, zemlju svile?	A=Optimus	B=Eufrazija	C=Seres	COR=C
334	Koja je katolička svetica i čudotvorka umrla u 30-oj godini života kao redovnica u Egiptu, a rodila se u senatorskoj obitelji u Carigradu te bila rodbinski povezana sa carem Teodezijem?	A=Eufrazija	B=Seres	C=Plinije stariji	COR=A
335	Koji antički rimski pisac i ugledni znanstvenik pogiba u erupciji vulkana Vezuva?	A=Eufrazija	B=Plinije stariji	C=Vitelije	COR=B
336	U godini 69. Rimom vladaju 4 cara, a koji od njih je te godine na vlasti bio najduže, točnije 8 mjeseci?	A=Plinije stariji	B=Eufrazija	C=Vitelije	COR=C
337	U kojem stoljeću prije Krista nastaje Rimska Republika?	A=6.	B=5 .	C=7 .	COR=A
338	Za vladavine kojeg rimskog cara se dogodila velika erupcija Vezuva u kojoj su Pompeji totalno uništeni?	A=Vitelije	B=Tita	C=Židovi	COR=B
339	Nakon ubojstva rimskog cara Domicijana nestaje flavijevska dinastija, a dolaze godine u kojima vlada koliko 'dobrih careva'?	A=4	B=6	C=5	COR=C
340	'Fiscus Judaicus' je bio nametnuti porez u starom Rimu kojeg je plaćala samo jedna etnoreligijska skupina. Koja?	A=Židovi	B=Kršćani	C=Samarićani	COR=A
341	U kojoj su današnjoj državi stari Rimljani osnovali gradove Emerita Augusta, Tarraco i Hispalis?	A=Portugal	B=Španjolska	C=Francuska	COR=B
342	Vallum Hadriani i Vallum Antonini su zidine koje i danas možemo vidjeti na kojem otoku?	A=Irska	B=Sicilija	C=Velika Britanija	COR=C
343	Koliko je bilo bitki kod Bedrijaka u blizini današnje Cremone, tijekom građanskog rata te sukoba careva Otona, Vitelija i Vespazijana?	A=2	B=1	C=3	COR=A
344	Na ušću u Atlantski ocean koje škotske rijeke se nalazi najveći škotski grad Glasgow te početak starorimskog Antoninova zida?	A=Tay	B=Clyde	C=Forth	COR=B
345	U HTV-ovoj TV seriji 'Ludi rimski carevi', kroz 4 epizode se prikazuju carevi Kaligula, Neron, Komod i koji još?	A=Tiberije	B=Domicijan	C=Elagabal	COR=C
346	Najzapadnija točka kontinentalne Europe je nekada bila i najzapadnija točka rimskog carstva. Rimljani su taj rt poznavali kao Promontorium Magnum, a kako se on danas zove?	A=Cabo de Roca	B=Cabo da Roca Pequeno	C=Cabo Espichel	COR=A
347	Koju zakladu za odgoj i uzdržavanje siromašne djece osniva rimski car Nerva, a kasnije usavršava car Trajan, a njeno ime se i danas slično koristi za jednu zakonsku obvezu jednog od supružnika?	A=Annona	B=Alimenta	C=Frumentatio	COR=B
348	Koji je starorimski grad danas poznat kao Slavonski Brod, a to staro ime i dan danas nosi nogometni klub u kojem su karijeru počeli Madžukić i Olić?	A=Cibalae	B=Siscia	C=Marsonia	COR=C
349	Tko izdaje naredbu da se 'provede popis svega svijeta', malo prije Kristova rođenja?	A=August	B=Tiberije	C=Herod Veliki	COR=A
350	Padom Sirakuze pod rimsku vlast 212.g. pr. Kr. svoj život tragično završava i koji veliki matematičar?	A=Euklid	B=Arhimed	C=Eratosten	COR=B
351	Koji je od trojice rimskih careva iz flavijevske dinastije vladao najduže, točnije 15 godina?	A=Vespazijan	B=Tit	C=Domicijan	COR=C
352	Koji se portugalski grad može dičiti sa jednim od najstarijih sveučilišta u Europi, rimskim ostacima grada Aeminiuma te kao glavni grad Portugala kroz 12. i 13.st?	A=Coimbra	B=Braga	C=Évora	COR=A
353	Tko je osam godina bio suvladar rimskog carstva s carem Markom Aurelijem?	A=Lucije Ver	B=Komod	C=Antonin Pio	COR=B
354	Koji je današnji grad u Velikoj Britaniji, na rijeci Tyne, prvotno nastao kao rimsko naselje Pons Aelius?	A=York	B=Carlisle	C=Newcastle	COR=C
355	Kada je Dioklecijan uspostavio tetrarhiju, središtem rimske moći postaju čak 4 grada. To su danas Trier, Milano, Izmit i koji još grad, smješten na rijeci Savi?	A=Srijemska Mitrovica	B=Beograd	C=Sisak	COR=A
356	Da je ostalo do danas, kako bi se u Rimskom Carstvu napisala godina 2026.?	A=MMXVI	B=MMXXVI	C=MMXXIV	COR=B
357	U kojoj se današnjoj državi nalazi zid rimskog cara Antonina Pia, dugačak 63km?	A=Engleskoj	B=Walesu	C=Škotskoj	COR=C
358	Koji je dački kralj ratovao protiv Rimljana kroz sva tri Rimsko-dačka rata te na kraju bio poražen?	A=Decebal	B=Burebista	C=Duras	COR=A
359	Veni, Vidi, Vici, u prijevodu znači: Dođoh, vidjeh, što?	A=Osvojih	B=Pobjedih	C=Zavladah	COR=B
360	U Sarajevu je do danas sačuvano nekoliko kamenih mostova preko kojih se može prijeći, a jedan takav, iako su ga gradili Osmanlije, dobio je ime po carstvu koje je tim prostorom vladalo mnogo prije. Kako se zove taj most?	A=Latinski most	B=Carev most	C=Rimski most	COR=C
361	Vojnici kojeg budućeg rimskog cara s vlasti uklanjaju cara Vitelija?	A=Vespazijana	B=Tita	C=Domicijana	COR=A
362	Koji su grad u Španjolskoj na rijeci Ebro Rimljani osnovali kao Caesaraugusta?	A=Tarragona	B=Zaragoza	C=Toledo	COR=B
363	Koju rimsku božicu rata i Marsovu sestru su naslikali Guercino, Auguste Rodin i Rembrandt?	A=Minervu	B=Viktoriju	C=Belonu	COR=C
364	Prvi trgovci iz rimskog carstva koji su dospjeli do Kine poslani su za vrijeme careva Antonina Pia i Marka Aurelija, a tada je Kinom vladala koja dinastija?	A=Han	B=Qin	C=Tang	COR=A
365	Tko je bio rimski namjesnik cara Tiberija u provinciji Judeji od 26. do 36.g.?	A=Herod Antipa	B=Poncije Pilat	C=Feliks	COR=B
366	Koji antički španjolski grad rimski vojskovođa Scipion Emilian Mlađi osvaja 133.g. pr. Kr. bez direktnih borbi tako što je grad potpuno okružio i čekao da branitelji popadaju od gladi?	A=Sagunt	B=Tarraco	C=Numantia	COR=C
367	Koju rimsku boginju tražimo ako znamo da su joj Mars i Vulkan braća, Diskordija sestra, Prozerpina polusestra, stričevi Neptun i Pluton a muž Herkul?	A=Juventas	B=Minerva	C=Venera	COR=A
368	Koji je španjolski nogometni klub iz Sorie igrao najelitniju španjolsku ligu samo 4 sezone, a ime je dobio po starom keltiberskom gradu sa istog mjesta, kojeg Rimljani osvajaju 133.g. pr. Kr.?	A=Osasuna	B=Numancija	C=Zaragoza	COR=B
369	U kojoj se današnjoj državi nalazi zid rimskog cara Hadrijana, dugačak 120 km?	A=Škotskoj	B=Walesu	C=Engleskoj	COR=C
370	Koji grad 1870.g. pada pod vlast kralja Viktora Emanuela II.?	A=Rim	B=Venecija	C=Firenca	COR=A
371	Ako joj je dao ime 'Domus Aurea', kakvu je onda kuću sagradio rimski car Neron na brežuljku Eskvilinu?	A=Mramornu	B=Zlatnu	C=Carsku	COR=B
372	Kako se zvao rimski vojnik koji kopljem probada Isusa na križu?	A=Kasije	B=Kornelije	C=Longin	COR=C
373	Koja je svetica, rođena u Bragi, za Dioklecijanovih progona kršćana mučena i spaljena u Zaragozi, a čiji se, po legendi, skamenjeni pepeo i danas čuva u tom gradu, zajedno sa svetim kamenjem drugih mučenika?	A=Engracija	B=Eulalija	C=Leokadija	COR=A
374	U kojem stoljeću vlada ludi rimski car Kaligula?	A=2 .	B=1.	C=3 .	COR=B
375	Koji rimski car pobjeđuje Dačane na čelu s kraljem Decebalom te na pokorenom području osniva provinciju Daciju?	A=Hadrijan	B=Domicijan	C=Trajan	COR=C
376	Koji car iz razdoblja pet dobrih careva nasljeđuje Trajana?	A=Hadrijan	B=Antonin Pio	C=Nerva	COR=A
377	Po kojem rimskom caru ime nose terme izgrađene u 3.st., a u čijim se ostacima na olimpijadi 1960.g. održalo natjecanje u gimnastici?	A=Dioklecijan	B=Karakala	C=Trajan	COR=B
378	Ako sudimo po veličini planeta, koji rimski bog ispada najveći?	A=Mars	B=Saturn	C=Jupiter	COR=C
379	Koja ptica se često povezivala s Jupiterom, vrhovnim rimskim bogom, simbolizirajući njegovu moć i dominaciju?	A=Orao	B=Lav	C=Tigar	COR=A
380	Koja božica je bogu Jupiteru rodila boga Apolona?	A=Junona	B=Latona	C=Dijana	COR=B
381	Kojom frazom je Julije Cezar obavijestio rimski senat o munjevitoj pobjedi svoje vojske nad pontskim kraljem Farnakom II.?	A=Alea iacta est	B=Et tu, Brute?	C=Veni Vidi Vici	COR=C
382	U blizini kojeg drevnog grada u turskoj je Partsko carstvo 53.g. pr. Kr. nanijelo Rimljanima jedan od najvećih vojnih poraza u njihovoj povijesti?	A=Haran	B=Edessa	C=Nisibis	COR=A
383	Koji današnji španjolski grad Rimljani razaraju te ponovno uspostavljaju pod imenom Hispalis, a pored njega i grad Italicu, danas jedan od najvećih rimskih arheoloških lokaliteta u toj zemlji?	A=Cordobu	B=Sevillu	C=Cadiz	COR=B
384	Koji je evanđelist bio prognan od strane rimskog cara Domicijana na zatvorski otok Patmos, gdje je u špilji napisao Knjigu Otkrivenja?	A=Matej	B=Marko	C=Ivan	COR=C
385	Titule 'Princeps, Imperator, Caesar i Augustus' su se pripisivale kojim rimskim dužnosnicima?	A=Carevima	B=Konzulima	C=Cenzorima	COR=A
386	Koju su latinsku riječ stari Rimljani koristili za 'grad'?	A=Carevima	B=Urbs	C=Škotskoj	COR=B
387	U kojoj se današnjoj državi nalazi zid rimskog cara Antonina Pia, dugačak 63 km?	A=Urbs	B=Lisabon	C=Škotskoj	COR=C
388	Koji su portugalski grad stari Rimljani poznavali kao Olissipo?	A=Lisabon	B=Škotskoj	C=Herkulanej	COR=A
389	U velikoj erupciji Vezuva 79 g. bivaju uništeni gradovi: Pompeji, Stabije, Oplontis i koji još antički grad?	A=Neapolis	B=Herkulanej	C=Capua	COR=B
390	U kojoj se današnjoj državi nalazi zid rimskog cara Hadrijana, dugačak 120km?	A=Škotskoj	B=Walesu	C=Engleskoj	COR=C
391	Kojem se rimskom kralju pripisuje ustroj luke u Ostiji, izgradnja solana i zatvora te drvenog mosta preko Tibera?	A=Anku Marciju	B=Tul Hostiliju	C=Serviju Tuliju	COR=A
392	Klodija Lijepa, Skribonija i Livija Drusilla su bile žene kojeg rimskog cara?	A=Tiberija	B=Augusta	C=Klaudija	COR=B
393	U rimskom pravu, nijedan rimski general sa svojim jedinicama nije smio prići Rimu bliže od koje rijeke?	A=Tibera	B=Arna	C=Rubikona	COR=C
394	Koji rimski vojskovođa i otac cara Kaligule je pomogao Tiberiju slomiti ilirski ustanak?	A=Germanik	B=Druz Stariji	C=Agripa	COR=A
395	Koji helvetski vođa je vodio helvećane protiv Cezara u bitci kod Bibrakta?	A=Orgetoriks	B=Divikon	C=Vercingetoriks	COR=B
396	Koje ime dobiva Gaj Oktavijan nakon 27.g. pr. Kr.?	A=Cezar	B=Princeps	C=August	COR=C
397	Koji rimski car je svojeg konja želio proglasiti konzulom?	A=Kaligula	B=Neron	C=Komod	COR=A
398	Tko su bili borci u starom Rimu koji su u arenama izvodili borbe do smrti?	A=Legionari	B=Gladijatori	C=Pretorijanci	COR=B
399	Koji su rimski kućni duhovi bili zaštitnici ognjišta i hrane?	A=Lari	B=Mani	C=Penati	COR=C
400	Peti, a ujedno i zadnji rimski car iz Julijevsko - Klaudijevske dinastije je bio tko?	A=Neron	B=Klaudije	C=Kaligula	COR=A
401	Na kojem talijanskom otoku umire rimski car Tiberije?	A=Siciliji	B=Capriju	C=Sardiniji	COR=B
402	Najpoznatiju operu o Gaju Juliju Cezaru, 'Giulio Cesare' je 1724. skladao tko?	A=Antonio Vivaldi	B=Claudio Monteverdi	C=Geoege Friderich Handel	COR=C
403	Veliki požar u kojem gradu izbija za vladavine cara Nerona?	A=Rimu	B=Ostiji	C=Neapolisu	COR=A
404	Na kojem današnjem poluotoku su bile rimske provincije Tarakonska i Betička Hispanija te Luzitanija?	A=Apeninskom	B=Pirenejskom	C=Balkanskom	COR=B
405	Kako se zove kratki mač, glavno oružje rimskog vojnika?	A=Pilum	B=Pugio	C=Gladijus	COR=C
406	Koji rimski car je bio sin Agripine i Gneja Domicija Ahenobarba a vladao je od 54. do 68.g.?	A=Neron	B=Klaudije	C=Kaligula	COR=A
407	Koji rimski bog živi u Etni i ondje izrađuje strijele za Jupitera?	A=Mars	B=Vulkan	C=Saturn	COR=B
408	Ako bi slavnu Via Appiu prešli u cijelosti, onda bi iz Rima došli u koji grad na jugoistoku Italije?	A=Bari	B=Taranto	C=Brindisi	COR=C
409	Bitka kod Herakleje se odvijala između Rima i Epira u blizini kojeg današnjeg talijanskog grada?	A=Policoro	B=Taranto	C=Metaponto	COR=A
410	Pompej, Cezar i Kras su osnovali koji po redu trijumvirat?	A=Drugi	B=Prvi	C=Treći	COR=B
411	Kako se zove rimska božica, zaštitnica doma, obitelji i ognjišta?	A=Junona	B=Dijana	C=Vesta	COR=C
412	Koji se rimski vojskovođa proslavio u drugom Punskom ratu i pobjedi protiv Hanibala?	A=Scipion Stariji	B=Fabije Maksim	C=Marko Klaudije Marcel	COR=A
413	Burdigala, Durocortorum i Lugdunum su bili rimski gradovi čiju bogatu baštinu danas možemo vidjeti u kojoj državi?	A=Italiji	B=Francuskoj	C=Španjolskoj	COR=B
414	Kako se zvala najveća vojna jedinica u okviru rimske vojske?	A=Kohorta	B=Centurija	C=Legija	COR=C
415	U kojem talijanskom gradu se nalaze Karakaline terme, kompleks koji je odjednom mogao primiti 1600 kupača?	A=Rimu	B=Pompejima	C=Ostiji	COR=A
416	Tko je bio vođa britanskih plemena koja su pružala otpor Cezaru za njegova osvajanja britanijom?	A=Karatak	B=Kasivelaun	C=Boudika	COR=B
417	Koji naziv se koristio za konzervativnu frakciju u senatu rimske republike?	A=Populari	B=Ekviti	C=Optimati	COR=C
418	U rečenici 'Veni Vidi Vici', jedna se riječ ne može napisati koristeći samo rimske brojeve, koja?	A=Veni	B=Vidi	C=Vici	COR=A
419	Koji broj stari Rimljani nisu poznavali?	A=Veni	B=Nula	C=Perzeja	COR=B
420	Od 7 rimskih kraljeva, koliko ih je bilo etruščanskog porijekla?	A=2	B=4	C=3	COR=C
421	Porazom kojeg makedonskog kralja, Makedonija postaje rimskom provincijom?	A=Perzeja	B=Hanibala	C=Nula	COR=A
422	Protiv kojeg vojskovođe su rimljani u punskim ratovima koristili 'fabijanovu taktiku', to jest, izbjegavanje direktnog sukoba s neprijateljskom vojskom?	A=Perzeja	B=Hanibala	C=Nula	COR=B
423	Tko je na Tiberijevo pitanje 'Zašto ste se pobunili?' odgovorio slavnom rečenicom 'Vi ste Rimljani krivi jer ste umjesto pastirskih pasa poslali vukove da čuvaju vaše stado'?	A=Kasivelaun	B=Alarik	C=Baton Dezidijat	COR=C
424	Film Claudea Zidija iz 1999. prati Asterixa i Obelixa protiv kojeg vojskovođe?	A=Gaja Julija Cezara	B=Tul Hostilije	C=Scipion Stariji	COR=A
425	Koje je utvrđeno galsko naselje Cezar uspio osvojiti 52.g. pr. Kr.?	A=Kartagu	B=Avarik	C=Palatinu	COR=B
426	Rimski konzul Marko Porcije Katon Stariji je većinu svojih govora u senatu završavao rečenicom da spaliti treba koga?	A=Avarik	B=Palatinu	C=Kartagu	COR=C
427	Prema legendi, na kojem od 7 brežuljaka je Romul osnovao prvo naselje?	A=Palatinu	B=Kartagu	C=Oton	COR=A
428	U godini 69. Vladala su 4 rimska cara, a koji od njih je za svog života vladao najkraće, točnije, samo 3 mjeseca?	A=Palatinu	B=Oton	C=Konzul	COR=B
429	U starorimskoj republici, koju titulu obnašaju dvojica najviših službenika koji zajedno sa senatom upravljaju državom?	A=Oton	B=Palatinu	C=Konzul	COR=C
430	Koji legendarni rimski kralj, ruši i spaljuje grad Alba Longu oko 665.g. pr. Kr. a njegove stanovnike preseljava u Rim?	A=Tul Hostilije	B=Gaja Julija Cezara	C=Scipion Stariji	COR=A
431	Koji ilirski kralj je sudjelovao u 3. Rimsko - Ilirskom ratu?	A=Fritiger	B=Gencije	C=Konzul	COR=B
432	Koji vizigotski vođa nanosi veliki poraz rimskom carstvu kod Hadrijanopola gdje i sam car Valens pogiba u bitci?	A=Gencije	B=Kniva	C=Fritiger	COR=C
433	Tko je bio prvi germanski vođa koji je osvojio Rim?	A=Alarik	B=Romul Augustul	C=Baton Dezidijat	COR=A
434	Rimski car Konstantin I. Veliki pobjeđuje Maksencija u bitci kod Mulvijeva mosta i postaje vladar zapada, a pobjedu mu je navodno donio kristogram s natpisom 'In Hoc Signo Vinces' kojeg je vidio na nebu, što u prijevodu znači 'pod ovim ćeš znakom pobijediti', a isti taj natpis se nalazi na zastavi koje hrvatske gardijske brigade?	A=Tigrovi	B=Pauci	C=Gromovi	COR=B
435	Koje slovo je označavalo broj 1000 u rimskom carstvu?	A=D	B=C	C=M	COR=C
436	Ruski slikar Karl Bryullov je 1833.g. naslikao posljednje dane kojeg grada?	A=Pompeja	B=Herkulaneja	C=Rima	COR=A
437	Kod kojeg mjesta car Valens doživljava veliki poraz od vizigota gdje i sam pogiba, a ta bitka je nagovijestila skori pad zapadnog rimskog carstva?	A=Naissus	B=Hadrijanopola	C=Sirmiuma	COR=B
438	Kako bi stari rimljani napisali broj '410'?	A=DX	B=CCCCX	C=CDX	COR=C
439	Tko je bio posljednji zapadnorimski car?	A=Romul Augustul	B=Julije Nepot	C=Glicerije	COR=A
440	Koje slovo je označavalo broj 1 u rimskom carstvu?	A=V	B=I	C=X	COR=B
441	Koji rimski car proglašava kršćanstvo državnom religijom, a kršćani njemu daju nadimak Veliki?	A=Konstantin I.	B=Gracijan	C=Teodozije	COR=C
442	Koji je germanski narod opljačkao Rim 455.g.?	A=Vandali	B=Vizigoti	C=Ostrogoti	COR=A
443	Koji rimski car je proveo posljednje velike progone kršćana?	A=Decije	B=Dioklecijan	C=Valerijan	COR=B
444	Tko je bio zadnji 'priznati' rimski car, zapadnog rimskog carstva?	A=Romul Augustul	B=Glicerije	C=Julije Nepot	COR=C
445	Ime kojeg rimskog cara se krije u anagramu riječi 'vrane'?	A=Nerva	B=Neron	C=Ver	COR=A
446	Stupivši na prijestolje zajedno sa Maksimijanom, Dioklecijan isprva dijeli carstvo prema odgovornosti na dva dijela, zapadno i Istočno, a kojim je upravljao on?	A=Zapadnim	B=Istočnim	C=Oba dijela	COR=B
447	Treći ekumenski sabor crkve se sazvao u drevnom Efezu, na području današnje Turske, u to vrijeme je na tom području upravljalo istočno rimsko carstvo, a za vrijeme sabora, tim carstvom je upravljao koji car?	A=Marcijan	B=Valentinijan III.	C=Teodozije II.	COR=C
448	Nakon podjele rimskog carstva na zapadno i Istočno, područje današnje hrvatske je pripalo kojem?	A=Zapadnom	B=Istočnom	C=Objema podjednako	COR=A
449	U kojem engleskom gradu se nalazi brončani kip rimskog cara Konstantina I. Velikog?	A=Londonu	B=Yorku	C=Newcastleu	COR=B
450	Vizigotska, ili Alarikova pljačka Rima dogodila se koje godine?	A=400.	B=420.	C=410.	COR=C
451	Teodozijeve zakone, tj. zbirke zakona rimskog carstva iz doba kršćanskih careva sastavio je Teodozije II., car istočnog carstva, a tko je te zakone, godinu poslije, uveo u zapadno?	A=Valentinijan III.	B=Honorije	C=Petronije Maksim	COR=A
452	Koje je igre, rimski car Teodozije, 393.g. odlučio zabraniti jer ih je smatrao kao poganske?	A=Pitijske	B=Olimpijske	C=Nemejske	COR=B
453	Nakon podjele rimskog carstva na zapadno i Istočno, područje današnje Srbije je najvećim dijelom pripalo kojem?	A=Zapadnom	B=Objema podjednako	C=Istočnom	COR=C
454	Kroz koliko stoljeća se odvijala vlast cara Dioklecijana nad rimskim carstvom?	A=2	B=1	C=3	COR=A
455	Kojim ediktom car Konstantin I. Veliki službeno označava kraj vjerskih progona u rimskom carstvu?	A=Solunskim	B=Milanskim	C=Serdskim	COR=B
456	Tko je bio car zapadnog rimskog carstva u trenucima kada su vizigoti 410.g. provalili i opljačkali Rim?	A=Valentinijan III.	B=Konstancije III.	C=Honorije	COR=C
457	Vizigoti provalju te pljačkaju Rim 410.g. pod vodstvom kojeg kralja?	A=Alarika	B=Ataulfa	C=Teodorika I.	COR=A
458	Koji burgundski kraljević, zajedno sa svojom vojskom izabire Glicerija za cara zapadnog rimskog carstva?	A=Gundahar	B=Gundobad	C=Hilderik	COR=B
459	Koji je 'bič' predvodio Hune u bitci na Katalunskim poljima, kraj današnjeg Orleansa, protiv Zapadnog rimskog carstva i Vizigota?	A=Rimski	B=Hunski	C=Božji	COR=C
460	Na slici Karla Bryullova iz 1836.g. prikazana je Gajzerikova pljačka kojeg grada?	A=Rima	B=Kartage	C=Ravenne	COR=A
461	Na čelu s kojim kraljem, godine 455. vandali ulaze u Rim te ga pljačkaju?	A=Hunerikom	B=Gajzerikom	C=Gunderikom	COR=B
462	Koji narod pobjeđjuje rimsku vojsku u bitci kod rijeke Alije te 390.g pljačka Rim?	A=Etruščani	B=Samniti	C=Gali	COR=C
463	Koje slovo je označavalo broj 10 u rimskom carstvu?	A=X	B=V	C=L	COR=A
464	Koje slovo je označavalo broj 500 u rimskom carstvu?	A=C	B=D	C=M	COR=B
465	Čija je palača, s lokacijom u Splitu, 1979.g. uvrštena na UNESCO-ov popis svjetske baštine?	A=Augustova	B=Hadrijanova	C=Dioklecijanova	COR=C
466	Tko je bio na čelu galske vojske kada su 390.g. provalili i opljačkali Rim?	A=Bren	B=Vercingetoriks	C=Ambioriks	COR=A
467	Konstantin II. , Konstancije II, i Konstans I. su bili rimski carevi, ali i sinovi kojeg cara prije njih?	A=Maksimijana	B=Konstantina	C=Licinija	COR=B
468	Koji je rimski vojskovođa uz pomoć Vizigota, porazio Hune u bitci na Katalunskim poljima 451.g.?	A=Stilihon	B=Bonifacije	C=Flavije Aecije	COR=C
469	Koje slovo je označavalo broj 100 u rimskom carstvu?	A=C	B=L	C=D	COR=A
470	Koju je životinju, po proročanstvu, Dioklecijan trebao ubiti kako bi postao rimski car?	A=Vuka	B=Vepra	C=Bika	COR=B
471	Koji je grad posvećen 11.5. 330.g. a od tada je poznat kao 'novi Rim'?	A=Nikomedija	B=Antiohija	C=Konstantinopol	COR=C
472	Koje slovo je označavalo broj 50 u rimskom carstvu?	A=L	B=C	C=V	COR=A
473	U prvotnoj diarhiji iz 286.g. Dioklecijan upravlja istokom a Maksimijan kojim dijelom rimskog carstva?	A=Sjeverom	B=Zapadom	C=Jugom	COR=B
474	Da se rimski car Valens rodio danas, bio bi građanin koje države?	A=Srbije	B=Bugarske	C=Hrvatske	COR=C
475	Koje su ptice prema legendi spasile rimljane na brežuljku Kapitoliju, posljednjem uporištu pred naletom Gala i pljačkom Rima 390.g.?	A=Guske	B=Golubovi	C=Gavrani	COR=A
476	Koji rimski car ubija najstarijeg sina Krispa, a onda na majčin nagovor ubija i ženu Faustu jer se sumnjalo da su njih dvoje bili ljubavnici?	A=Licinije	B=Konstantin	C=Konstancije II.	COR=B
477	Tko je bio car istočnog, u vrijeme kada je zapadno rimsko carstvo prestalo postojati?	A=Lav I.	B=Bazilisk	C=Zenon	COR=C
478	Koji rimski car je sazvao prvi ekumenski crkveni sabor?	A=Konstantin	B=Teodozije I.	C=Gracijan	COR=A
479	Car Teodozije je nakon svoje smrti, istočno rimsko carstvo dao na upravljanje sinu Arkadiju, a zapadno kojem drugom sinu?	A=Konstanciju	B=Honoriju	C=Valentinijanu	COR=B
480	Koji je germanski plaćenik ubijanjem Romula Augustula zauvijek ugasio zapadno rimsko carstvo?	A=Orest	B=Ricimer	C=Odoakar	COR=C
481	Koji se današnji grad, poznat po modi, u doba rimskog carstva zvao Mediolanum?	A=Milano	B=Torino	C=Verona	COR=A
482	Koji je današnji francuski grad rimski car Aurelijan nazvao po sebi, Aurelianum?	A=Lyon	B=Orleans	C=Nimes	COR=B
483	Koju su riječ stari rimljani koristili za 'granicu'?	A=Finis	B=Terminus	C=Limes	COR=C
484	Tko je bio prvi rimski car koji je primio sakramenat krštenja?	A=Konstantin	B=Teodozije	C=Gracijan	COR=A
485	S čijim imenom je počelo rimsko kraljevstvo a završilo zapadno rimsko carstvo?	A=August	B=Romul	C=Konstantin	COR=B
486	Vizigoti provaljuju i pljačkaju Rim 410.g., a Vandali to ponavljaju nekoliko desetljeća poslije, koje točno godine?	A=445.	B=465.	C=455.	COR=C
487	Kod kojeg rta su vandali 468.g. na čelu s kraljem Gajzerikom, porazili duplo veću vojsku istočnog rimskog carstva koja je brojala preko 1000 brodova i 100 000 vojnika?	A=Bon	B=Spartivento	C=Farina	COR=A
488	Koji današnji grad se prije spominjao kao Bizantij, Konstantinopol i Carigrad?	A=Izmir	B=Istanbul	C=Ankara	COR=B
489	U kojem je drevnom gradu, na području današnje Turske, ustoličen Dioklecijan kao rimski car?	A=Efezu	B=Niceji	C=Nikomediji	COR=C
490	Ime kojeg rimskog cara, možemo povezati sa jednom bezbojnom, viskoznom tekućinom slatkastog okusa?	A=Glicerije	B=Galba	C=Gracijan	COR=A
491	Za kojeg rimskog cara, kršćanstvo u cijelom rimskom carstvu postaje jedina dopuštena državna religija?	A=Konstantina	B=Teodozija	C=Gracijana	COR=B
492	Nakon podjele rimskog carstva na zapadno i Istočno, područje današnje BiH je pripalo kojem?	A=Istočnom	B=Objema carstvima	C=Zapadnom	COR=C
493	Rimski car Konstantin I. Veliki je na mjestu starog Bizantija odredio granice kojeg budućeg 'svoga' grada?	A=Konstantinopola	B=Nikomedije	C=Hadrijanopola	COR=A
494	Koje slovo je označavalo broj 5 u rimskom carstvu?	A=X	B=V	C=I	COR=B
495	Oko hramova koje rimske boginje su se redovno zadržavala jata gusaka?	A=Veste	B=Minerva	C=Junone	COR=C
496	Koliko su današnji Vinkovci, a nekada Cibalae, iznjedrili rimskih careva?	A=2	B=1	C=3	COR=A
497	Da se rimski car Konstantin I. Veliki rodio danas, bio bi građanin koje države?	A=Bugarske	B=Srbije	C=Sjeverne Makedonije	COR=B
498	Koji je rimski car sazvao drugi ekumenski crkveni sabor 381.g. koji se sastao u Carigradu?	A=Konstantin	B=Gracijan	C=Teodozije	COR=C
499	Kada je Konstancije bio 'junior cezar' , Galerije mu je bio 'senior cezar', a kada je Maksimijan bio 'junior august', 'senior august' mu je bio tko?	A=Dioklecijan	B=Galerije	C=Konstancije Klor	COR=A
500	Koji car je bio posljednji, univarzalni vladar cijelog rimskog carstva, prije službene podjele na zapadno i istočno?	A=Konstantin	B=Teodozije	C=Dioklecijan	COR=B
501	Na kojim se poljima odvila najvažnija bitka između Huna i Zapadnorimskog carstva u savezu sa Vizigotima?	A=Farsalskim	B=Filipskim	C=Katalaunskim	COR=C
502	Koju goru su rimljani zvali Mons Almus, a ostala je poznata kao utvrda Breuka i Dezidijata tjekom rimske okupacije?	A=Fruška Gora	B=Romanija	C=Majevica	COR=A
503	U ratu između Julija Cezara i Ptolomeja 13. u jednom od požara zapaljena je i koja glasovita knjižnica?	A=Pergamska	B=Aleksandrijska	C=Celsusova	COR=B
504	Koji je uski planinski prolaz u grčkoj uvelike obilježio grčko-perzijske te rimsko-seleukidske ratove?	A=Korintski	B=Tempe	C=Termopil	COR=C
505	Koji rimski bog je prikazan na Caravaggiovoj slici 'Amor Vincit Omnia'?	A=Kupid	B=Mars	C=Apolon	COR=A
506	Koji je drevni narod italije prvo ratovao, pa se udružio sa Romulovim narodom nakon što su 'Otete Sabinjanke' zaustavile boj?	A=Etruščani	B=Sabinjani	C=Latini	COR=B
507	Koji kalendar ustanovljuje Julije Cezar, a koristiti će se do 16. st?	A=Rimski	B=Gregorijanski	C=Julijanski	COR=C
508	Koje carstvo je svoje vojnike naoružavalo gladiusom, scutumom, pugiom i pilumom?	A=Rimsko	B=Partsko	C=Seleukidsko	COR=A
509	Na koje razdoblje da upravljaju, su birani konzuli u starom Rimu?	A=6 mjeseci	B=1 godinu	C=2 godine	COR=B
510	Tko je otac bogova i bog vremena u rimskoj mitologiji?	A=Jupiter	B=Janus	C=Saturn	COR=C
511	Koje ime nosi vrhovni bog italskih naroda?	A=Jupiter	B=Mars	C=Kvirin	COR=A
512	'Zagrebačka lanena knjiga' je rukopis s najduljim sačuvanim tekstom na jeziku kojeg drevnog naroda sa Apeninskog poluotoka?	A=Samnita	B=Etruščana	C=Latina	COR=B
513	Tko je uz Bruta predvodio urotu protiv Julija Cezara u kojoj je Julije i ubijen?	A=Decim Brut	B=Trebonije	C=Kasije	COR=C
514	Koji grad tražimo, ako znamo da se u rimsko doba zvao Tilurium?	A=Trilj	B=Sinj	C=Solin	COR=A
515	Koju kulturno umjetničku ustanovu otvara Pompej Veliki 55.g. pr. Kr s kapacitetom preko 12 000 gledatelja?	A=Marcelovo kazalište	B=Pompejevo kazalište	C=Circus Maximus	COR=B
516	Mitridatski ratovi su bili niz oružanih sukoba između rimske republike i kojeg kraljevstva smještenog uz obale Crnog mora?	A=Bitinijskog	B=Kapadokijskog	C=Pontskog	COR=C
517	Koji su rimski kućni duhovi bili zaštitnici doma i obitelji?	A=Lari	B=Penati	C=Mani	COR=A
518	Kojoj je egipatskoj kraljici Julije Cezar pomogao vratiti egipatsko prijestolje?	A=Bereniki IV.	B=Kleopatri	C=Arsinoji IV.	COR=B
519	Na teritoriju koje današnje države se nalazila Kartaga?	A=Alžira	B=Libije	C=Tunisa	COR=C
520	Oktavijan, Marko Antonije, Kasije Longin i Brut su bili vojskovođe za vrijeme kojeg triumvirata?	A=Drugog	B=Prvog	C=Trećeg	COR=A
521	Tko je Posejdonov pandan u rimskoj mitologiji?	A=Okean	B=Neptun	C=Triton	COR=B
522	Koji egipatski faraon je dao pogubiti Pompeja Velikog?	A=Ptolomej XII.	B=Ptolomej XIV.	C=Ptolomej 13.	COR=C
523	Koji je površinom najveći otok koji je u cijelosti bio pod rimskom vlašću?	A=Sicilija	B=Sardinija	C=Korzika	COR=A
524	Koji se 'Hram svih Bogova' nalazi u Rimu i dan danas a datira iz davne 125.g. i vremena cara Hadrijana?	A=Saturnov hram	B=Panteon	C=Vestin hram	COR=B
525	Koja 4 slova stoje na zastavama rimske republike i rimskog carstva?	A=ROMA	B=SPQV	C=SPQR	COR=C
526	Koliko je kraljeva vladalo rimskim kraljevstvom?	A=7	B=6	C=8	COR=A
527	Kako se zvala klasa građana s manjim pravima u starom Rimu, uglavnom seljačkog podrijetla?	A=Patriciji	B=Plebejci	C=Ekviti	COR=B
528	Na području koje hrvatske županije se nalaze ostaci Andetriuma, davne ilirske utvrde koju rimljani osvajaju i tako guše ilirski ustanak?	A=Šibensko-kninske	B=Zadarske	C=Splitsko Dalmatinske	COR=C
529	'Cezar i Kleopatra' je film iz 1945. u kojem Kleopatru glumi Vivien Leigh a Cezara tko?	A=Claude Rains	B=Rex Harrison	C=Laurence Olivier	COR=A
530	Koji nadimak na latinskom je dobio posljednji rimski kralj Lucije Tarkvinije, što u prijevodu znači 'oholi'?	A=Magnus	B=Superbus	C=Maximus	COR=B
531	Tko je bio prvi rimski car nakon završetka Julijevsko - Klaudijevske dinastije i njihovih 5 careva?	A=Oton	B=Vitelije	C=Galba	COR=C
532	Za vrijeme kojeg rimskog kralja je sagrađen 'Circus Maximus', ogromni hipodrom za utrke dvokolica i gladijatorske borbe?	A=Tarkvinija 1.	B=Servija Tulija	C=Tarkvinija Oholog	COR=A
533	Drugi trijumvirat 43.g. pr. Kr. su sklopili Oktavijan (kasnije August), Marko Emilie Lepid i tko još?	A=Sekst Pompej	B=Marko Antonije	C=Brut	COR=B
534	Koji Punski rat je trajao najduže, čak 23 godine?	A=2. Punski rat	B=3. Punski rat	C=1. Punski rat	COR=C
535	Koga je Karl Marx isticao kao 'najizvrsnijeg heroja cijele antičke povijesti'?	A=Spartaka	B=Julija Cezara	C=Hanibala	COR=A
536	Koje je španjolsko otočje u vrijeme antičkog Rima bilo poznato i cijenjeno po svojim vrsnim strijelcima i praćkašima?	A=Kanarsko	B=Balearsko	C=Cíes	COR=B
537	Koji se latinski izraz koristi za titulu koju su nosili kraljevi Rima?	A=Princeps	B=Imperator	C=Rex	COR=C
538	Via Argentaria je starorimska cesta koja je iz današnjeg Solina vodila do kojeg današnjeg grada u BiH?	A=Srebrenice	B=Sarajeva	C=Mostara	COR=A
539	Tko je naslijedio carsku titulu od cara Augusta?	A=Klaudije	B=Tiberije	C=Kaligula	COR=B
540	Koji je slavni rimski vojskovođa poražen i ubijen u bitci kod Harana tijekom borbe sa partskim carstvom?	A=Gnej Pompej	B=Lucije Lukul	C=Marko Licinije Kras	COR=C
541	Kako se zvao veliki starorimski pravokutni štit koji su vojnici nosili u boj?	A=Scutum	B=Parma	C=Clipeus	COR=A
542	Tko je rimski bog neba, pandan grčkom Uranu?	A=Jupiter	B=Cel	C=Saturn	COR=B
543	Koje rimsko božanstvo se smatra i 'majkom zemljom', nastalo iz Kaosa?	A=Ceres	B=Tellus Mater	C=Terra	COR=C
544	Koji je kralj Alba Longe ostao upamćen po kopanju Kluilijeva rova oko Rima te opsjedanjem tog istog grada?	A=Gaj Kluilije	B=Numitor	C=Metije Fufecije	COR=A
545	U kojem se francuskom gradu nalazi Maison Carrée, jedan od najbolje očuvanih hramova iz doba Rimskog Carstva?	A=Arlesu	B=Nimesu	C=Orangeu	COR=B
546	Koji starorimski povjesničar u svom djelu 'Annales' spominje kršćane i Isusa?	A=Livije	B=Svetonije	C=Tacit	COR=C
547	Rimski kućni duhovi, ključni za obiteljsku religiju, bili su Lari i koji još?	A=Penati	B=Mani	C=Geniji	COR=A
548	40-e godine pr. Kr. rimski senat imenuje koga za kralja Judeje?	A=Arhelaja	B=Heroda	C=Antigona II.	COR=B
549	Koji je starorimski novac kovan od bakra a kasnije i mesinga, vrijedio 2 asa?	A=Sestercij	B=Semis	C=Dupondij	COR=C
550	Koji je francuski slikar naslikao 'Zakletvu Horacija' i 'Veneru i tri gracije razoružavaju Marsa'?	A=Jacques Louis David	B=Jean-Auguste-Dominique Ingres	C=Eugène Delacroix	COR=A
551	Koji je galski poglavica bio vođa galskih plemena u pobuni protiv rimske vlasti na čelu s Julijem Cezarom?	A=Ambioriks	B=Vercingetoriks	C=Ariovist	COR=B
552	Julijevsko - Klaudijevska dinastija je iznjedrila koliko rimskih careva?	A=4	B=6	C=5	COR=C
553	Prema legendi, rat između Rima i Alba Longe je odlučen u dvoboju 3 brata albske obitelji Curiatii protiv 3 brata koje rimske obitelji?	A=Horatii	B=Fabii	C=Valerii	COR=A
554	Koja je rimska božica rodila bogove Marsa i Vulkana?	A=Minerva	B=Junona	C=Vesta	COR=B
555	Koji latinski naziv, preveden kao 'žigosani bakar', koristimo za rane rimske bakrene ingote, preteče kovanog novca?	A=Aes Rude	B=Aes Grave	C=Aes Signatum	COR=C
556	Starorimski akvadukt Serino je bila mreža vodovoda koja je stoljećima poskrbljivala 8 drevnih gradova u kojem talijanskom zaljevu?	A=Napuljskom	B=Tarantskom	C=Salernskom	COR=A
557	U rimskoj mitologiji, kako se zvala žena drugog rimskog kralja Nume Pompilija, ujedno i božica izvornosti i poroda?	A=Pomona	B=Egerija	C=Feronia	COR=B
558	Kako se zvao bodež koji je vojnicima starog Rima služio kao dodatno oružje, u slučaju iznenadnih situacija?	A=Gladius	B=Spatha	C=Pugio	COR=C
559	U kojoj su šumi, germani u svega 3 dana u potpunosti uništili 3 rimske legije?	A=Teutoburškoj šumi	B=Ardenskoj šumi	C=Hercinijskoj šumi	COR=A
560	Što je Had, Perzefoni, to je Pluton, kome?	A=Cereri	B=Prozerpini	C=Dijani	COR=B
561	U rimskoj religiji, kako se zvao jedan od petnaestorice svećenika dodijeljenih kultovima petnaestero bogova?	A=Augur	B=Pontifex	C=Flamen	COR=C
562	U vrijeme velikog ilirskog ustanka protiv Rima, Baton Dezidijat je zarobio i pogubio Batona kojeg?	A=Breučkog	B=Japodskog	C=Delmatskog	COR=A
563	'Oltar veličanstvenog mira' je monumentali oltar napravljen u čast kojeg rimskog cara?	A=Trajana	B=Augusta	C=Hadrijana	COR=B
564	Što je bačeno u slavnoj izreci Gaja Julija Cezara?	A=Mač	B=Koplje	C=Kocka	COR=C
565	Kojim imenom zovemo 3 rata vođena između Rimske republike i feničkog grada Kartage?	A=Punski ratovi	B=Mitridatski ratovi	C=Samnitski ratovi	COR=A
566	Koji je današnji grad, za vrijeme rimskog carstva bio poznat pod imenom Vindobona?	A=Budimpešta	B=Beč	C=Bratislava	COR=B
567	Koji današnji kanal su rimljani morali preploviti u pohodu na Britaniju?	A=Bristolski kanal	B=Kanal svetog Jurja	C=La Manche	COR=C
568	1120km duga rimska cesta Via Egnatia je svoju početnu točku imala u današnjoj Albaniji, a završavala je u kojoj današnjoj državi?	A=Turskoj	B=Grčkoj	C=Bugarskoj	COR=A
569	Koji naziv se koristio za populističku frakciju u senatu rimske republike?	A=Optimati	B=Populari	C=Ekviti	COR=B
570	Koji je epirski kralj, ratujući sa rimljanima ostao upamćen po rečenici 'Još jedna ovakva pobjeda i izgubio sam'?	A=Aleksandar Mološki	B=Neoptolem II.	C=Pir	COR=C
571	Koji se hrvatski grad nalazi na mjestu gdje je nekoć bila rimska Siscija?	A=Sisak	B=Petrinja	C=Karlovac	COR=A
572	Koja ilirska kraljica je uzrokovala početak Rimsko - Ilirskih ratova?	A=Berenika	B=Teuta	C=Agrona	COR=B
573	Koliko su ratova vodili Rim i Makedonija u razdoblju od 214.g. pr. Kr do 148.g. pr. Kr?	A=3	B=5	C=4	COR=C
574	Koji je rimski pisac napisao biografiju 'O dvanaest rimskih careva'?	A=Svetonije	B=Tacit	C=Plutarh	COR=A
575	Tko je bio 3. rimski car, poznat po rastrošnosti i luđačkom umu?	A=Klaudije	B=Kaligula	C=Pompej	COR=B
576	Koji poznati crtež Leonarda Da Vincija iz 1487.g. govori o idealnim proporcijama i geometrijom ljudskog tijela, a ime nosi po jednom starorimskom arhitektu?	A=Čovjek u krugu	B=Ciceronov čovjek	C=Vitruvijev čovjek	COR=C
577	Vitruvije je bio rimski pisac, arhitekt i vojni inženjer koji je živio u vrijeme kojeg rimskog cara?	A=Augusta	B=Tiberija	C=Klaudija	COR=A
578	Nastavi redoslijed: August, Tiberije, Kaligula pa tko onda?	A=Neron	B=Klaudije	C=Galba	COR=B
579	Heraklo iz grčke mitologije se zvao kako u rimskoj mitologiji?	A=Herod	B=Homer	C=Herkul	COR=C
580	Cloaca Maxima je najstariji sustav kanalizacije na svijetu nastao za rimskog kraljevstva, a nalazi se u kojem gradu?	A=Rimu	B=Ostiji	C=Pompejima	COR=A
581	Koliko je bilo Punskih ratova?	A=2	B=3	C=4	COR=B
582	Hanibal je u ratnim pohodima na Rimljane koristio i koje velike sisavce?	A=Deve	B=Konje	C=Slonove	COR=C
583	Duž koje rimske ceste je bilo razapeto 6 000 pobunjenih robova na kraju Spartakova rata?	A=Via Appije	B=Via Flaminije	C=Via Aurelije	COR=A
584	Kojeg se rimskog boga rata smatra Romulovim ocem, pa tako i praocem rimljana?	A=Jupitera	B=Marsa	C=Vulkana	COR=B
585	Askanije (drugog imena Jul) je, u rimskoj mitologiji, sin Enejin, osnivač staroitalskog grada Alba Longe te mitski praotac kojeg rimskoga roda iz kojeg potječe i Julije Cezar?	A=Kornelijevaca	B=Klaudijevaca	C=Julijevaca	COR=C
586	Batonski rat je ujedno značio i čiji 'veliki ustanak' protiv rimljana?	A=Ilirski	B=Galski	C=Dački	COR=A
587	Kako se zove rimska božica umjetnosti, ratova i mudrosti?	A=Bellona	B=Minerva	C=Dijana	COR=B
588	Prvi trijumvirat 60.g. pr. Kr. su sklopili Julije Cezar, Marko Licinije Kras i tko još?	A=Marko Antonije	B=Lepid	C=Pompej	COR=C
589	Koje ime je nosio staro-rimski zlatni novac prije Solidusa?	A=Aureus	B=Denar	C=Argenteus	COR=A
